Country Name,Country Code,Series Name,Series Code,1990 [YR1990]
Afghanistan,AFG,"Population, total",SP.POP.TOTL,12067570
Afghanistan,AFG,Rural population,SP.RUR.TOTL,9857274
Afghanistan,AFG,Urban population,SP.URB.TOTL,2210296
Afghanistan,AFG,"Death rate, crude (per 1,000 people)",SP.DYN.CDRT.IN,16.315
Afghanistan,AFG,"Life expectancy at birth, total (years)",SP.DYN.LE00.IN,48.5670487804878
Albania,ALB,"Population, total",SP.POP.TOTL,3286542
Albania,ALB,Rural population,SP.RUR.TOTL,2089320
Albania,ALB,Urban population,SP.URB.TOTL,1197222
Albania,ALB,"Death rate, crude (per 1,000 people)",SP.DYN.CDRT.IN,5.705
Albania,ALB,"Life expectancy at birth, total (years)",SP.DYN.LE00.IN,71.9573170731707
Algeria,DZA,"Population, total",SP.POP.TOTL,25912364
Algeria,DZA,Rural population,SP.RUR.TOTL,12415909
Algeria,DZA,Urban population,SP.URB.TOTL,13496455
Algeria,DZA,"Death rate, crude (per 1,000 people)",SP.DYN.CDRT.IN,6.154
Algeria,DZA,"Life expectancy at birth, total (years)",SP.DYN.LE00.IN,66.7511707317073
American Samoa,ASM,"Population, total",SP.POP.TOTL,47044
American Samoa,ASM,Rural population,SP.RUR.TOTL,8963
American Samoa,ASM,Urban population,SP.URB.TOTL,38081
American Samoa,ASM,"Death rate, crude (per 1,000 people)",SP.DYN.CDRT.IN,..
American Samoa,ASM,"Life expectancy at birth, total (years)",SP.DYN.LE00.IN,..
Andorra,ADO,"Population, total",SP.POP.TOTL,54511
Andorra,ADO,Rural population,SP.RUR.TOTL,2883
Andorra,ADO,Urban population,SP.URB.TOTL,51628
Andorra,ADO,"Death rate, crude (per 1,000 people)",SP.DYN.CDRT.IN,..
Andorra,ADO,"Life expectancy at birth, total (years)",SP.DYN.LE00.IN,..
Angola,AGO,"Population, total",SP.POP.TOTL,11127870
Angola,AGO,Rural population,SP.RUR.TOTL,8281138
Angola,AGO,Urban population,SP.URB.TOTL,2846732
Angola,AGO,"Death rate, crude (per 1,000 people)",SP.DYN.CDRT.IN,23.443
Angola,AGO,"Life expectancy at birth, total (years)",SP.DYN.LE00.IN,41.1383414634146
Antigua and Barbuda,ATG,"Population, total",SP.POP.TOTL,61906
Antigua and Barbuda,ATG,Rural population,SP.RUR.TOTL,39975
Antigua and Barbuda,ATG,Urban population,SP.URB.TOTL,21931
Antigua and Barbuda,ATG,"Death rate, crude (per 1,000 people)",SP.DYN.CDRT.IN,7.137
Antigua and Barbuda,ATG,"Life expectancy at birth, total (years)",SP.DYN.LE00.IN,71.1629512195122
Arab World,ARB,"Population, total",SP.POP.TOTL,221928852
Arab World,ARB,Rural population,SP.RUR.TOTL,110038763
Arab World,ARB,Urban population,SP.URB.TOTL,111890089
Arab World,ARB,"Death rate, crude (per 1,000 people)",SP.DYN.CDRT.IN,7.832823390016
Arab World,ARB,"Life expectancy at birth, total (years)",SP.DYN.LE00.IN,64.6257055884038
Argentina,ARG,"Population, total",SP.POP.TOTL,32729740
Argentina,ARG,Rural population,SP.RUR.TOTL,4260103
Argentina,ARG,Urban population,SP.URB.TOTL,28469637
Argentina,ARG,"Death rate, crude (per 1,000 people)",SP.DYN.CDRT.IN,8.271
Argentina,ARG,"Life expectancy at birth, total (years)",SP.DYN.LE00.IN,71.5436585365854
Armenia,ARM,"Population, total",SP.POP.TOTL,3544695
Armenia,ARM,Rural population,SP.RUR.TOTL,1154826
Armenia,ARM,Urban population,SP.URB.TOTL,2389869
Armenia,ARM,"Death rate, crude (per 1,000 people)",SP.DYN.CDRT.IN,8.453
Armenia,ARM,"Life expectancy at birth, total (years)",SP.DYN.LE00.IN,67.7478048780488
Aruba,ABW,"Population, total",SP.POP.TOTL,62148
Aruba,ABW,Rural population,SP.RUR.TOTL,30876
Aruba,ABW,Urban population,SP.URB.TOTL,31272
Aruba,ABW,"Death rate, crude (per 1,000 people)",SP.DYN.CDRT.IN,7.061
Aruba,ABW,"Life expectancy at birth, total (years)",SP.DYN.LE00.IN,73.3899756097561
Australia,AUS,"Population, total",SP.POP.TOTL,17065100
Australia,AUS,Rural population,SP.RUR.TOTL,2491505
Australia,AUS,Urban population,SP.URB.TOTL,14573595
Australia,AUS,"Death rate, crude (per 1,000 people)",SP.DYN.CDRT.IN,7
Australia,AUS,"Life expectancy at birth, total (years)",SP.DYN.LE00.IN,76.9946341463415
Austria,AUT,"Population, total",SP.POP.TOTL,7677850
Austria,AUT,Rural population,SP.RUR.TOTL,2628512
Austria,AUT,Urban population,SP.URB.TOTL,5049338
Austria,AUT,"Death rate, crude (per 1,000 people)",SP.DYN.CDRT.IN,10.8
Austria,AUT,"Life expectancy at birth, total (years)",SP.DYN.LE00.IN,75.5682926829269
Azerbaijan,AZE,"Population, total",SP.POP.TOTL,7159000
Azerbaijan,AZE,Rural population,SP.RUR.TOTL,3311109
Azerbaijan,AZE,Urban population,SP.URB.TOTL,3847891
Azerbaijan,AZE,"Death rate, crude (per 1,000 people)",SP.DYN.CDRT.IN,6.1
Azerbaijan,AZE,"Life expectancy at birth, total (years)",SP.DYN.LE00.IN,64.7463658536585
"Bahamas, The",BHS,"Population, total",SP.POP.TOTL,256338
"Bahamas, The",BHS,Rural population,SP.RUR.TOTL,51683
"Bahamas, The",BHS,Urban population,SP.URB.TOTL,204655
"Bahamas, The",BHS,"Death rate, crude (per 1,000 people)",SP.DYN.CDRT.IN,5.495
"Bahamas, The",BHS,"Life expectancy at birth, total (years)",SP.DYN.LE00.IN,70.6306585365854
Bahrain,BHR,"Population, total",SP.POP.TOTL,495944
Bahrain,BHR,Rural population,SP.RUR.TOTL,58819
Bahrain,BHR,Urban population,SP.URB.TOTL,437125
Bahrain,BHR,"Death rate, crude (per 1,000 people)",SP.DYN.CDRT.IN,3.387
Bahrain,BHR,"Life expectancy at birth, total (years)",SP.DYN.LE00.IN,72.507243902439
Bangladesh,BGD,"Population, total",SP.POP.TOTL,105983136
Bangladesh,BGD,Rural population,SP.RUR.TOTL,84986817
Bangladesh,BGD,Urban population,SP.URB.TOTL,20996319
Bangladesh,BGD,"Death rate, crude (per 1,000 people)",SP.DYN.CDRT.IN,10.066
Bangladesh,BGD,"Life expectancy at birth, total (years)",SP.DYN.LE00.IN,60.0084878048781
Barbados,BRB,"Population, total",SP.POP.TOTL,260374
Barbados,BRB,Rural population,SP.RUR.TOTL,175362
Barbados,BRB,Urban population,SP.URB.TOTL,85012
Barbados,BRB,"Death rate, crude (per 1,000 people)",SP.DYN.CDRT.IN,9.747
Barbados,BRB,"Life expectancy at birth, total (years)",SP.DYN.LE00.IN,70.8745365853659
Belarus,BLR,"Population, total",SP.POP.TOTL,10189000
Belarus,BLR,Rural population,SP.RUR.TOTL,3466196
Belarus,BLR,Urban population,SP.URB.TOTL,6722804
Belarus,BLR,"Death rate, crude (per 1,000 people)",SP.DYN.CDRT.IN,10.7
Belarus,BLR,"Life expectancy at birth, total (years)",SP.DYN.LE00.IN,70.8365853658537
Belgium,BEL,"Population, total",SP.POP.TOTL,9967379
Belgium,BEL,Rural population,SP.RUR.TOTL,361118
Belgium,BEL,Urban population,SP.URB.TOTL,9606261
Belgium,BEL,"Death rate, crude (per 1,000 people)",SP.DYN.CDRT.IN,10.4
Belgium,BEL,"Life expectancy at birth, total (years)",SP.DYN.LE00.IN,76.0519512195122
Belize,BLZ,"Population, total",SP.POP.TOTL,187552
Belize,BLZ,Rural population,SP.RUR.TOTL,98530
Belize,BLZ,Urban population,SP.URB.TOTL,89022
Belize,BLZ,"Death rate, crude (per 1,000 people)",SP.DYN.CDRT.IN,5.442
Belize,BLZ,"Life expectancy at birth, total (years)",SP.DYN.LE00.IN,71.181243902439
Benin,BEN,"Population, total",SP.POP.TOTL,5001271
Benin,BEN,Rural population,SP.RUR.TOTL,3276583
Benin,BEN,Urban population,SP.URB.TOTL,1724688
Benin,BEN,"Death rate, crude (per 1,000 people)",SP.DYN.CDRT.IN,14.471
Benin,BEN,"Life expectancy at birth, total (years)",SP.DYN.LE00.IN,53.42
Bermuda,BMU,"Population, total",SP.POP.TOTL,59326
Bermuda,BMU,Rural population,SP.RUR.TOTL,0
Bermuda,BMU,Urban population,SP.URB.TOTL,59326
Bermuda,BMU,"Death rate, crude (per 1,000 people)",SP.DYN.CDRT.IN,7.3
Bermuda,BMU,"Life expectancy at birth, total (years)",SP.DYN.LE00.IN,..
Bhutan,BTN,"Population, total",SP.POP.TOTL,535505
Bhutan,BTN,Rural population,SP.RUR.TOTL,447746
Bhutan,BTN,Urban population,SP.URB.TOTL,87759
Bhutan,BTN,"Death rate, crude (per 1,000 people)",SP.DYN.CDRT.IN,13.39
Bhutan,BTN,"Life expectancy at birth, total (years)",SP.DYN.LE00.IN,52.4643170731707
Bolivia,BOL,"Population, total",SP.POP.TOTL,6856246
Bolivia,BOL,Rural population,SP.RUR.TOTL,3045750
Bolivia,BOL,Urban population,SP.URB.TOTL,3810496
Bolivia,BOL,"Death rate, crude (per 1,000 people)",SP.DYN.CDRT.IN,10.486
Bolivia,BOL,"Life expectancy at birth, total (years)",SP.DYN.LE00.IN,58.7785853658537
Bosnia and Herzegovina,BIH,"Population, total",SP.POP.TOTL,4526996
Bosnia and Herzegovina,BIH,Rural population,SP.RUR.TOTL,2750195
Bosnia and Herzegovina,BIH,Urban population,SP.URB.TOTL,1776801
Bosnia and Herzegovina,BIH,"Death rate, crude (per 1,000 people)",SP.DYN.CDRT.IN,9.673
Bosnia and Herzegovina,BIH,"Life expectancy at birth, total (years)",SP.DYN.LE00.IN,67.4463902439025
Botswana,BWA,"Population, total",SP.POP.TOTL,1379814
Botswana,BWA,Rural population,SP.RUR.TOTL,801217
Botswana,BWA,Urban population,SP.URB.TOTL,578597
Botswana,BWA,"Death rate, crude (per 1,000 people)",SP.DYN.CDRT.IN,7.067
Botswana,BWA,"Life expectancy at birth, total (years)",SP.DYN.LE00.IN,62.935512195122
Brazil,BRA,"Population, total",SP.POP.TOTL,150393143
Brazil,BRA,Rural population,SP.RUR.TOTL,39219524
Brazil,BRA,Urban population,SP.URB.TOTL,111173619
Brazil,BRA,"Death rate, crude (per 1,000 people)",SP.DYN.CDRT.IN,7.013
Brazil,BRA,"Life expectancy at birth, total (years)",SP.DYN.LE00.IN,66.515
Brunei Darussalam,BRN,"Population, total",SP.POP.TOTL,256939
Brunei Darussalam,BRN,Rural population,SP.RUR.TOTL,87788
Brunei Darussalam,BRN,Urban population,SP.URB.TOTL,169151
Brunei Darussalam,BRN,"Death rate, crude (per 1,000 people)",SP.DYN.CDRT.IN,3.547
Brunei Darussalam,BRN,"Life expectancy at birth, total (years)",SP.DYN.LE00.IN,73.7164878048781
Bulgaria,BGR,"Population, total",SP.POP.TOTL,8718289
Bulgaria,BGR,Rural population,SP.RUR.TOTL,2931350
Bulgaria,BGR,Urban population,SP.URB.TOTL,5786939
Bulgaria,BGR,"Death rate, crude (per 1,000 people)",SP.DYN.CDRT.IN,12.5
Bulgaria,BGR,"Life expectancy at birth, total (years)",SP.DYN.LE00.IN,71.6414634146342
Burkina Faso,BFA,"Population, total",SP.POP.TOTL,8811033
Burkina Faso,BFA,Rural population,SP.RUR.TOTL,7593789
Burkina Faso,BFA,Urban population,SP.URB.TOTL,1217244
Burkina Faso,BFA,"Death rate, crude (per 1,000 people)",SP.DYN.CDRT.IN,17.005
Burkina Faso,BFA,"Life expectancy at birth, total (years)",SP.DYN.LE00.IN,49.3656097560976
Burundi,BDI,"Population, total",SP.POP.TOTL,5613141
Burundi,BDI,Rural population,SP.RUR.TOTL,5261141
Burundi,BDI,Urban population,SP.URB.TOTL,352000
Burundi,BDI,"Death rate, crude (per 1,000 people)",SP.DYN.CDRT.IN,18.348
Burundi,BDI,"Life expectancy at birth, total (years)",SP.DYN.LE00.IN,47.3291463414634
Cabo Verde,CPV,"Population, total",SP.POP.TOTL,341256
Cabo Verde,CPV,Rural population,SP.RUR.TOTL,190694
Cabo Verde,CPV,Urban population,SP.URB.TOTL,150562
Cabo Verde,CPV,"Death rate, crude (per 1,000 people)",SP.DYN.CDRT.IN,8.12
Cabo Verde,CPV,"Life expectancy at birth, total (years)",SP.DYN.LE00.IN,65.8864146341464
Cambodia,KHM,"Population, total",SP.POP.TOTL,9008856
Cambodia,KHM,Rural population,SP.RUR.TOTL,7608339
Cambodia,KHM,Urban population,SP.URB.TOTL,1400517
Cambodia,KHM,"Death rate, crude (per 1,000 people)",SP.DYN.CDRT.IN,12.374
Cambodia,KHM,"Life expectancy at birth, total (years)",SP.DYN.LE00.IN,54.753
Cameroon,CMR,"Population, total",SP.POP.TOTL,12070359
Cameroon,CMR,Rural population,SP.RUR.TOTL,7283617
Cameroon,CMR,Urban population,SP.URB.TOTL,4786742
Cameroon,CMR,"Death rate, crude (per 1,000 people)",SP.DYN.CDRT.IN,13.965
Cameroon,CMR,"Life expectancy at birth, total (years)",SP.DYN.LE00.IN,53.5912682926829
Canada,CAN,"Population, total",SP.POP.TOTL,27791000
Canada,CAN,Rural population,SP.RUR.TOTL,6508096
Canada,CAN,Urban population,SP.URB.TOTL,21282904
Canada,CAN,"Death rate, crude (per 1,000 people)",SP.DYN.CDRT.IN,7.3
Canada,CAN,"Life expectancy at birth, total (years)",SP.DYN.LE00.IN,77.3770731707317
Caribbean small states,CSS,"Population, total",SP.POP.TOTL,5960368
Caribbean small states,CSS,Rural population,SP.RUR.TOTL,3616285
Caribbean small states,CSS,Urban population,SP.URB.TOTL,2344083
Caribbean small states,CSS,"Death rate, crude (per 1,000 people)",SP.DYN.CDRT.IN,7.05079597502169
Caribbean small states,CSS,"Life expectancy at birth, total (years)",SP.DYN.LE00.IN,68.8273615573051
Cayman Islands,CYM,"Population, total",SP.POP.TOTL,25009
Cayman Islands,CYM,Rural population,SP.RUR.TOTL,0
Cayman Islands,CYM,Urban population,SP.URB.TOTL,25009
Cayman Islands,CYM,"Death rate, crude (per 1,000 people)",SP.DYN.CDRT.IN,..
Cayman Islands,CYM,"Life expectancy at birth, total (years)",SP.DYN.LE00.IN,..
Central African Republic,CAF,"Population, total",SP.POP.TOTL,2937832
Central African Republic,CAF,Rural population,SP.RUR.TOTL,1855975
Central African Republic,CAF,Urban population,SP.URB.TOTL,1081857
Central African Republic,CAF,"Death rate, crude (per 1,000 people)",SP.DYN.CDRT.IN,18.547
Central African Republic,CAF,"Life expectancy at birth, total (years)",SP.DYN.LE00.IN,46.0478292682927
Central Europe and the Baltics,CEB,"Population, total",SP.POP.TOTL,110745760
Central Europe and the Baltics,CEB,Rural population,SP.RUR.TOTL,42613866
Central Europe and the Baltics,CEB,Urban population,SP.URB.TOTL,68131894
Central Europe and the Baltics,CEB,"Death rate, crude (per 1,000 people)",SP.DYN.CDRT.IN,11.1751368079464
Central Europe and the Baltics,CEB,"Life expectancy at birth, total (years)",SP.DYN.LE00.IN,70.6563673229236
Chad,TCD,"Population, total",SP.POP.TOTL,5958022
Chad,TCD,Rural population,SP.RUR.TOTL,4718098
Chad,TCD,Urban population,SP.URB.TOTL,1239924
Chad,TCD,"Death rate, crude (per 1,000 people)",SP.DYN.CDRT.IN,19.322
Chad,TCD,"Life expectancy at birth, total (years)",SP.DYN.LE00.IN,46.3485853658537
Channel Islands,CHI,"Population, total",SP.POP.TOTL,140669
Channel Islands,CHI,Rural population,SP.RUR.TOTL,96510
Channel Islands,CHI,Urban population,SP.URB.TOTL,44159
Channel Islands,CHI,"Death rate, crude (per 1,000 people)",SP.DYN.CDRT.IN,10.789
Channel Islands,CHI,"Life expectancy at birth, total (years)",SP.DYN.LE00.IN,75.418243902439
Chile,CHL,"Population, total",SP.POP.TOTL,13141202
Chile,CHL,Rural population,SP.RUR.TOTL,2198392
Chile,CHL,Urban population,SP.URB.TOTL,10942810
Chile,CHL,"Death rate, crude (per 1,000 people)",SP.DYN.CDRT.IN,5.617
Chile,CHL,"Life expectancy at birth, total (years)",SP.DYN.LE00.IN,73.5451463414634
China,CHN,"Population, total",SP.POP.TOTL,1135185000
China,CHN,Rural population,SP.RUR.TOTL,835019382
China,CHN,Urban population,SP.URB.TOTL,300165618
China,CHN,"Death rate, crude (per 1,000 people)",SP.DYN.CDRT.IN,6.67
China,CHN,"Life expectancy at birth, total (years)",SP.DYN.LE00.IN,69.4715609756098
Colombia,COL,"Population, total",SP.POP.TOTL,34271563
Colombia,COL,Rural population,SP.RUR.TOTL,10872311
Colombia,COL,Urban population,SP.URB.TOTL,23399252
Colombia,COL,"Death rate, crude (per 1,000 people)",SP.DYN.CDRT.IN,6.234
Colombia,COL,"Life expectancy at birth, total (years)",SP.DYN.LE00.IN,68.2971951219512
Comoros,COM,"Population, total",SP.POP.TOTL,415144
Comoros,COM,Rural population,SP.RUR.TOTL,299448
Comoros,COM,Urban population,SP.URB.TOTL,115696
Comoros,COM,"Death rate, crude (per 1,000 people)",SP.DYN.CDRT.IN,11.687
Comoros,COM,"Life expectancy at birth, total (years)",SP.DYN.LE00.IN,55.5994146341463
"Congo, Dem. Rep.",ZAR,"Population, total",SP.POP.TOTL,34962676
"Congo, Dem. Rep.",ZAR,Rural population,SP.RUR.TOTL,24252559
"Congo, Dem. Rep.",ZAR,Urban population,SP.URB.TOTL,10710117
"Congo, Dem. Rep.",ZAR,"Death rate, crude (per 1,000 people)",SP.DYN.CDRT.IN,18.041
"Congo, Dem. Rep.",ZAR,"Life expectancy at birth, total (years)",SP.DYN.LE00.IN,47.4387804878049
"Congo, Rep.",COG,"Population, total",SP.POP.TOTL,2386467
"Congo, Rep.",COG,Rural population,SP.RUR.TOTL,1090043
"Congo, Rep.",COG,Urban population,SP.URB.TOTL,1296424
"Congo, Rep.",COG,"Death rate, crude (per 1,000 people)",SP.DYN.CDRT.IN,12.237
"Congo, Rep.",COG,"Life expectancy at birth, total (years)",SP.DYN.LE00.IN,55.1776829268293
Costa Rica,CRI,"Population, total",SP.POP.TOTL,3095994
Costa Rica,CRI,Rural population,SP.RUR.TOTL,1547935
Costa Rica,CRI,Urban population,SP.URB.TOTL,1548059
Costa Rica,CRI,"Death rate, crude (per 1,000 people)",SP.DYN.CDRT.IN,4.195
Costa Rica,CRI,"Life expectancy at birth, total (years)",SP.DYN.LE00.IN,75.7266829268293
Cote d'Ivoire,CIV,"Population, total",SP.POP.TOTL,12165909
Cote d'Ivoire,CIV,Rural population,SP.RUR.TOTL,7379232
Cote d'Ivoire,CIV,Urban population,SP.URB.TOTL,4786677
Cote d'Ivoire,CIV,"Death rate, crude (per 1,000 people)",SP.DYN.CDRT.IN,13.563
Cote d'Ivoire,CIV,"Life expectancy at birth, total (years)",SP.DYN.LE00.IN,52.6089268292683
Croatia,HRV,"Population, total",SP.POP.TOTL,4780000
Croatia,HRV,Rural population,SP.RUR.TOTL,2196936
Croatia,HRV,Urban population,SP.URB.TOTL,2583064
Croatia,HRV,"Death rate, crude (per 1,000 people)",SP.DYN.CDRT.IN,10.9
Croatia,HRV,"Life expectancy at birth, total (years)",SP.DYN.LE00.IN,72.1704878048781
Cuba,CUB,"Population, total",SP.POP.TOTL,10582082
Cuba,CUB,Rural population,SP.RUR.TOTL,2818643
Cuba,CUB,Urban population,SP.URB.TOTL,7763439
Cuba,CUB,"Death rate, crude (per 1,000 people)",SP.DYN.CDRT.IN,6.988
Cuba,CUB,"Life expectancy at birth, total (years)",SP.DYN.LE00.IN,74.6442926829268
Curacao,CUW,"Population, total",SP.POP.TOTL,145400
Curacao,CUW,Rural population,SP.RUR.TOTL,22278
Curacao,CUW,Urban population,SP.URB.TOTL,123122
Curacao,CUW,"Death rate, crude (per 1,000 people)",SP.DYN.CDRT.IN,..
Curacao,CUW,"Life expectancy at birth, total (years)",SP.DYN.LE00.IN,..
Cyprus,CYP,"Population, total",SP.POP.TOTL,766611
Cyprus,CYP,Rural population,SP.RUR.TOTL,254699
Cyprus,CYP,Urban population,SP.URB.TOTL,511912
Cyprus,CYP,"Death rate, crude (per 1,000 people)",SP.DYN.CDRT.IN,6.988
Cyprus,CYP,"Life expectancy at birth, total (years)",SP.DYN.LE00.IN,76.5139512195122
Czech Republic,CZE,"Population, total",SP.POP.TOTL,10333355
Czech Republic,CZE,Rural population,SP.RUR.TOTL,2560605
Czech Republic,CZE,Urban population,SP.URB.TOTL,7772750
Czech Republic,CZE,"Death rate, crude (per 1,000 people)",SP.DYN.CDRT.IN,12.5
Czech Republic,CZE,"Life expectancy at birth, total (years)",SP.DYN.LE00.IN,71.3839024390244
Denmark,DNK,"Population, total",SP.POP.TOTL,5140939
Denmark,DNK,Rural population,SP.RUR.TOTL,779212
Denmark,DNK,Urban population,SP.URB.TOTL,4361727
Denmark,DNK,"Death rate, crude (per 1,000 people)",SP.DYN.CDRT.IN,11.9
Denmark,DNK,"Life expectancy at birth, total (years)",SP.DYN.LE00.IN,74.8053658536585
Djibouti,DJI,"Population, total",SP.POP.TOTL,588356
Djibouti,DJI,Rural population,SP.RUR.TOTL,141458
Djibouti,DJI,Urban population,SP.URB.TOTL,446898
Djibouti,DJI,"Death rate, crude (per 1,000 people)",SP.DYN.CDRT.IN,10.651
Djibouti,DJI,"Life expectancy at birth, total (years)",SP.DYN.LE00.IN,56.6631707317073
Dominica,DMA,"Population, total",SP.POP.TOTL,70928
Dominica,DMA,Rural population,SP.RUR.TOTL,26187
Dominica,DMA,Urban population,SP.URB.TOTL,44741
Dominica,DMA,"Death rate, crude (per 1,000 people)",SP.DYN.CDRT.IN,8.6
Dominica,DMA,"Life expectancy at birth, total (years)",SP.DYN.LE00.IN,..
Dominican Republic,DOM,"Population, total",SP.POP.TOTL,7183646
Dominican Republic,DOM,Rural population,SP.RUR.TOTL,3216406
Dominican Republic,DOM,Urban population,SP.URB.TOTL,3967240
Dominican Republic,DOM,"Death rate, crude (per 1,000 people)",SP.DYN.CDRT.IN,6.289
Dominican Republic,DOM,"Life expectancy at birth, total (years)",SP.DYN.LE00.IN,67.9504146341463
East Asia & Pacific (all income levels),EAS,"Population, total",SP.POP.TOTL,1820607703
East Asia & Pacific (all income levels),EAS,Rural population,SP.RUR.TOTL,1194546493
East Asia & Pacific (all income levels),EAS,Urban population,SP.URB.TOTL,605819410
East Asia & Pacific (all income levels),EAS,"Death rate, crude (per 1,000 people)",SP.DYN.CDRT.IN,6.80989939827161
East Asia & Pacific (all income levels),EAS,"Life expectancy at birth, total (years)",SP.DYN.LE00.IN,69.2380674383451
East Asia & Pacific (developing only),EAP,"Population, total",SP.POP.TOTL,1603652723
East Asia & Pacific (developing only),EAP,Rural population,SP.RUR.TOTL,1152053854
East Asia & Pacific (developing only),EAP,Urban population,SP.URB.TOTL,451598869
East Asia & Pacific (developing only),EAP,"Death rate, crude (per 1,000 people)",SP.DYN.CDRT.IN,6.87718199649761
East Asia & Pacific (developing only),EAP,"Life expectancy at birth, total (years)",SP.DYN.LE00.IN,68.2455287921826
Ecuador,ECU,"Population, total",SP.POP.TOTL,10218085
Ecuador,ECU,Rural population,SP.RUR.TOTL,4588942
Ecuador,ECU,Urban population,SP.URB.TOTL,5629143
Ecuador,ECU,"Death rate, crude (per 1,000 people)",SP.DYN.CDRT.IN,6.281
Ecuador,ECU,"Life expectancy at birth, total (years)",SP.DYN.LE00.IN,68.8390731707317
"Egypt, Arab Rep.",EGY,"Population, total",SP.POP.TOTL,56397273
"Egypt, Arab Rep.",EGY,Rural population,SP.RUR.TOTL,31876867
"Egypt, Arab Rep.",EGY,Urban population,SP.URB.TOTL,24520406
"Egypt, Arab Rep.",EGY,"Death rate, crude (per 1,000 people)",SP.DYN.CDRT.IN,8.446
"Egypt, Arab Rep.",EGY,"Life expectancy at birth, total (years)",SP.DYN.LE00.IN,64.5490731707317
El Salvador,SLV,"Population, total",SP.POP.TOTL,5252082
El Salvador,SLV,Rural population,SP.RUR.TOTL,2666324
El Salvador,SLV,Urban population,SP.URB.TOTL,2585758
El Salvador,SLV,"Death rate, crude (per 1,000 people)",SP.DYN.CDRT.IN,7.481
El Salvador,SLV,"Life expectancy at birth, total (years)",SP.DYN.LE00.IN,65.8789024390244
Equatorial Guinea,GNQ,"Population, total",SP.POP.TOTL,377363
Equatorial Guinea,GNQ,Rural population,SP.RUR.TOTL,246248
Equatorial Guinea,GNQ,Urban population,SP.URB.TOTL,131115
Equatorial Guinea,GNQ,"Death rate, crude (per 1,000 people)",SP.DYN.CDRT.IN,19.806
Equatorial Guinea,GNQ,"Life expectancy at birth, total (years)",SP.DYN.LE00.IN,46.5554878048781
Eritrea,ERI,"Population, total",SP.POP.TOTL,3139083
Eritrea,ERI,Rural population,SP.RUR.TOTL,2643108
Eritrea,ERI,Urban population,SP.URB.TOTL,495975
Eritrea,ERI,"Death rate, crude (per 1,000 people)",SP.DYN.CDRT.IN,15.147
Eritrea,ERI,"Life expectancy at birth, total (years)",SP.DYN.LE00.IN,48.2359512195122
Estonia,EST,"Population, total",SP.POP.TOTL,1569174
Estonia,EST,Rural population,SP.RUR.TOTL,451436
Estonia,EST,Urban population,SP.URB.TOTL,1117738
Estonia,EST,"Death rate, crude (per 1,000 people)",SP.DYN.CDRT.IN,12.4
Estonia,EST,"Life expectancy at birth, total (years)",SP.DYN.LE00.IN,69.4756097560976
Ethiopia,ETH,"Population, total",SP.POP.TOTL,48057094
Ethiopia,ETH,Rural population,SP.RUR.TOTL,41991808
Ethiopia,ETH,Urban population,SP.URB.TOTL,6065286
Ethiopia,ETH,"Death rate, crude (per 1,000 people)",SP.DYN.CDRT.IN,18.221
Ethiopia,ETH,"Life expectancy at birth, total (years)",SP.DYN.LE00.IN,46.9449512195122
Euro area,EMU,"Population, total",SP.POP.TOTL,311482918
Euro area,EMU,Rural population,SP.RUR.TOTL,89423303
Euro area,EMU,Urban population,SP.URB.TOTL,222059615
Euro area,EMU,"Death rate, crude (per 1,000 people)",SP.DYN.CDRT.IN,10.0074391372178
Euro area,EMU,"Life expectancy at birth, total (years)",SP.DYN.LE00.IN,75.8966932833956
Europe & Central Asia (all income levels),ECS,"Population, total",SP.POP.TOTL,842907397
Europe & Central Asia (all income levels),ECS,Rural population,SP.RUR.TOTL,272536033
Europe & Central Asia (all income levels),ECS,Urban population,SP.URB.TOTL,568509364
Europe & Central Asia (all income levels),ECS,"Death rate, crude (per 1,000 people)",SP.DYN.CDRT.IN,10.2448204009461
Europe & Central Asia (all income levels),ECS,"Life expectancy at birth, total (years)",SP.DYN.LE00.IN,72.0562161453901
Europe & Central Asia (developing only),ECA,"Population, total",SP.POP.TOTL,237277995
Europe & Central Asia (developing only),ECA,Rural population,SP.RUR.TOTL,102672426
Europe & Central Asia (developing only),ECA,Urban population,SP.URB.TOTL,132743569
Europe & Central Asia (developing only),ECA,"Death rate, crude (per 1,000 people)",SP.DYN.CDRT.IN,9.37678115328747
Europe & Central Asia (developing only),ECA,"Life expectancy at birth, total (years)",SP.DYN.LE00.IN,67.7731034894146
European Union,EUU,"Population, total",SP.POP.TOTL,477948527
European Union,EUU,Rural population,SP.RUR.TOTL,141010953
European Union,EUU,Urban population,SP.URB.TOTL,336937574
European Union,EUU,"Death rate, crude (per 1,000 people)",SP.DYN.CDRT.IN,10.4292660773657
European Union,EUU,"Life expectancy at birth, total (years)",SP.DYN.LE00.IN,74.8590659740945
Faeroe Islands,FRO,"Population, total",SP.POP.TOTL,48031
Faeroe Islands,FRO,Rural population,SP.RUR.TOTL,33336
Faeroe Islands,FRO,Urban population,SP.URB.TOTL,14695
Faeroe Islands,FRO,"Death rate, crude (per 1,000 people)",SP.DYN.CDRT.IN,7.5
Faeroe Islands,FRO,"Life expectancy at birth, total (years)",SP.DYN.LE00.IN,76.0634146341464
Fiji,FJI,"Population, total",SP.POP.TOTL,728626
Fiji,FJI,Rural population,SP.RUR.TOTL,425437
Fiji,FJI,Urban population,SP.URB.TOTL,303189
Fiji,FJI,"Death rate, crude (per 1,000 people)",SP.DYN.CDRT.IN,6.291
Fiji,FJI,"Life expectancy at birth, total (years)",SP.DYN.LE00.IN,65.5708536585366
Finland,FIN,"Population, total",SP.POP.TOTL,4986431
Finland,FIN,Rural population,SP.RUR.TOTL,1028850
Finland,FIN,Urban population,SP.URB.TOTL,3957581
Finland,FIN,"Death rate, crude (per 1,000 people)",SP.DYN.CDRT.IN,10
Finland,FIN,"Life expectancy at birth, total (years)",SP.DYN.LE00.IN,74.8131707317073
Fragile and conflict affected situations,FCS,"Population, total",SP.POP.TOTL,259402603
Fragile and conflict affected situations,FCS,Rural population,SP.RUR.TOTL,174141326
Fragile and conflict affected situations,FCS,Urban population,SP.URB.TOTL,83399277
Fragile and conflict affected situations,FCS,"Death rate, crude (per 1,000 people)",SP.DYN.CDRT.IN,13.1641465795006
Fragile and conflict affected situations,FCS,"Life expectancy at birth, total (years)",SP.DYN.LE00.IN,55.0629535934538
France,FRA,"Population, total",SP.POP.TOTL,58512808
France,FRA,Rural population,SP.RUR.TOTL,15180563
France,FRA,Urban population,SP.URB.TOTL,43332245
France,FRA,"Death rate, crude (per 1,000 people)",SP.DYN.CDRT.IN,9.3
France,FRA,"Life expectancy at birth, total (years)",SP.DYN.LE00.IN,76.6
French Polynesia,PYF,"Population, total",SP.POP.TOTL,198370
French Polynesia,PYF,Rural population,SP.RUR.TOTL,83593
French Polynesia,PYF,Urban population,SP.URB.TOTL,114777
French Polynesia,PYF,"Death rate, crude (per 1,000 people)",SP.DYN.CDRT.IN,5.486
French Polynesia,PYF,"Life expectancy at birth, total (years)",SP.DYN.LE00.IN,68.8286097560976
Gabon,GAB,"Population, total",SP.POP.TOTL,952269
Gabon,GAB,Rural population,SP.RUR.TOTL,293842
Gabon,GAB,Urban population,SP.URB.TOTL,658427
Gabon,GAB,"Death rate, crude (per 1,000 people)",SP.DYN.CDRT.IN,11.009
Gabon,GAB,"Life expectancy at birth, total (years)",SP.DYN.LE00.IN,61.289
"Gambia, The",GMB,"Population, total",SP.POP.TOTL,916811
"Gambia, The",GMB,Rural population,SP.RUR.TOTL,565562
"Gambia, The",GMB,Urban population,SP.URB.TOTL,351249
"Gambia, The",GMB,"Death rate, crude (per 1,000 people)",SP.DYN.CDRT.IN,14.362
"Gambia, The",GMB,"Life expectancy at birth, total (years)",SP.DYN.LE00.IN,52.217
Georgia,GEO,"Population, total",SP.POP.TOTL,4802000
Georgia,GEO,Rural population,SP.RUR.TOTL,2159075
Georgia,GEO,Urban population,SP.URB.TOTL,2642925
Georgia,GEO,"Death rate, crude (per 1,000 people)",SP.DYN.CDRT.IN,9.488
Georgia,GEO,"Life expectancy at birth, total (years)",SP.DYN.LE00.IN,69.9996097560976
Germany,DEU,"Population, total",SP.POP.TOTL,79433029
Germany,DEU,Rural population,SP.RUR.TOTL,21353187
Germany,DEU,Urban population,SP.URB.TOTL,58079842
Germany,DEU,"Death rate, crude (per 1,000 people)",SP.DYN.CDRT.IN,11.6
Germany,DEU,"Life expectancy at birth, total (years)",SP.DYN.LE00.IN,75.1773658536586
Ghana,GHA,"Population, total",SP.POP.TOTL,14628260
Ghana,GHA,Rural population,SP.RUR.TOTL,9297576
Ghana,GHA,Urban population,SP.URB.TOTL,5330684
Ghana,GHA,"Death rate, crude (per 1,000 people)",SP.DYN.CDRT.IN,10.897
Ghana,GHA,"Life expectancy at birth, total (years)",SP.DYN.LE00.IN,56.7516341463415
Greece,GRC,"Population, total",SP.POP.TOTL,10156902
Greece,GRC,Rural population,SP.RUR.TOTL,2898069
Greece,GRC,Urban population,SP.URB.TOTL,7258833
Greece,GRC,"Death rate, crude (per 1,000 people)",SP.DYN.CDRT.IN,9.3
Greece,GRC,"Life expectancy at birth, total (years)",SP.DYN.LE00.IN,76.9390243902439
Greenland,GRL,"Population, total",SP.POP.TOTL,55600
Greenland,GRL,Rural population,SP.RUR.TOTL,11288
Greenland,GRL,Urban population,SP.URB.TOTL,44312
Greenland,GRL,"Death rate, crude (per 1,000 people)",SP.DYN.CDRT.IN,8.4
Greenland,GRL,"Life expectancy at birth, total (years)",SP.DYN.LE00.IN,65.0682926829268
Grenada,GRD,"Population, total",SP.POP.TOTL,96286
Grenada,GRD,Rural population,SP.RUR.TOTL,64100
Grenada,GRD,Urban population,SP.URB.TOTL,32186
Grenada,GRD,"Death rate, crude (per 1,000 people)",SP.DYN.CDRT.IN,8.54
Grenada,GRD,"Life expectancy at birth, total (years)",SP.DYN.LE00.IN,68.4750243902439
Guam,GUM,"Population, total",SP.POP.TOTL,130482
Guam,GUM,Rural population,SP.RUR.TOTL,12010
Guam,GUM,Urban population,SP.URB.TOTL,118472
Guam,GUM,"Death rate, crude (per 1,000 people)",SP.DYN.CDRT.IN,4.708
Guam,GUM,"Life expectancy at birth, total (years)",SP.DYN.LE00.IN,72.0440975609756
Guatemala,GTM,"Population, total",SP.POP.TOTL,9158547
Guatemala,GTM,Rural population,SP.RUR.TOTL,5392827
Guatemala,GTM,Urban population,SP.URB.TOTL,3765720
Guatemala,GTM,"Death rate, crude (per 1,000 people)",SP.DYN.CDRT.IN,8.701
Guatemala,GTM,"Life expectancy at birth, total (years)",SP.DYN.LE00.IN,62.2384146341464
Guinea,GIN,"Population, total",SP.POP.TOTL,6034082
Guinea,GIN,Rural population,SP.RUR.TOTL,4342970
Guinea,GIN,Urban population,SP.URB.TOTL,1691112
Guinea,GIN,"Death rate, crude (per 1,000 people)",SP.DYN.CDRT.IN,17.083
Guinea,GIN,"Life expectancy at birth, total (years)",SP.DYN.LE00.IN,49.9188536585366
Guinea-Bissau,GNB,"Population, total",SP.POP.TOTL,1056208
Guinea-Bissau,GNB,Rural population,SP.RUR.TOTL,759086
Guinea-Bissau,GNB,Urban population,SP.URB.TOTL,297122
Guinea-Bissau,GNB,"Death rate, crude (per 1,000 people)",SP.DYN.CDRT.IN,17.049
Guinea-Bissau,GNB,"Life expectancy at birth, total (years)",SP.DYN.LE00.IN,49.0738292682927
Guyana,GUY,"Population, total",SP.POP.TOTL,720282
Guyana,GUY,Rural population,SP.RUR.TOTL,507201
Guyana,GUY,Urban population,SP.URB.TOTL,213081
Guyana,GUY,"Death rate, crude (per 1,000 people)",SP.DYN.CDRT.IN,9.469
Guyana,GUY,"Life expectancy at birth, total (years)",SP.DYN.LE00.IN,62.1221951219512
Haiti,HTI,"Population, total",SP.POP.TOTL,7099733
Haiti,HTI,Rural population,SP.RUR.TOTL,5075599
Haiti,HTI,Urban population,SP.URB.TOTL,2024134
Haiti,HTI,"Death rate, crude (per 1,000 people)",SP.DYN.CDRT.IN,13.116
Haiti,HTI,"Life expectancy at birth, total (years)",SP.DYN.LE00.IN,54.4286097560976
Heavily indebted poor countries (HIPC),HPC,"Population, total",SP.POP.TOTL,354714206
Heavily indebted poor countries (HIPC),HPC,Rural population,SP.RUR.TOTL,265115973
Heavily indebted poor countries (HIPC),HPC,Urban population,SP.URB.TOTL,89598233
Heavily indebted poor countries (HIPC),HPC,"Death rate, crude (per 1,000 people)",SP.DYN.CDRT.IN,16.501515910747
Heavily indebted poor countries (HIPC),HPC,"Life expectancy at birth, total (years)",SP.DYN.LE00.IN,49.6235698513214
High income,HIC,"Population, total",SP.POP.TOTL,1203134914
High income,HIC,Rural population,SP.RUR.TOTL,297899209
High income,HIC,Urban population,SP.URB.TOTL,884963869
High income,HIC,"Death rate, crude (per 1,000 people)",SP.DYN.CDRT.IN,8.96576325946675
High income,HIC,"Life expectancy at birth, total (years)",SP.DYN.LE00.IN,74.4229874933039
High income: nonOECD,NOC,"Population, total",SP.POP.TOTL,276140078
High income: nonOECD,NOC,Rural population,SP.RUR.TOTL,59143770
High income: nonOECD,NOC,Urban population,SP.URB.TOTL,196724472
High income: nonOECD,NOC,"Death rate, crude (per 1,000 people)",SP.DYN.CDRT.IN,9.09439620805539
High income: nonOECD,NOC,"Life expectancy at birth, total (years)",SP.DYN.LE00.IN,70.2798119779866
High income: OECD,OEC,"Population, total",SP.POP.TOTL,926994836
High income: OECD,OEC,Rural population,SP.RUR.TOTL,238755439
High income: OECD,OEC,Urban population,SP.URB.TOTL,688239397
High income: OECD,OEC,"Death rate, crude (per 1,000 people)",SP.DYN.CDRT.IN,8.92750688476759
High income: OECD,OEC,"Life expectancy at birth, total (years)",SP.DYN.LE00.IN,75.654491539076
Honduras,HND,"Population, total",SP.POP.TOTL,4903363
Honduras,HND,Rural population,SP.RUR.TOTL,2919462
Honduras,HND,Urban population,SP.URB.TOTL,1983901
Honduras,HND,"Death rate, crude (per 1,000 people)",SP.DYN.CDRT.IN,6.712
Honduras,HND,"Life expectancy at birth, total (years)",SP.DYN.LE00.IN,66.6890487804878
"Hong Kong SAR, China",HKG,"Population, total",SP.POP.TOTL,5704500
"Hong Kong SAR, China",HKG,Rural population,SP.RUR.TOTL,27553
"Hong Kong SAR, China",HKG,Urban population,SP.URB.TOTL,5676947
"Hong Kong SAR, China",HKG,"Death rate, crude (per 1,000 people)",SP.DYN.CDRT.IN,5.2
"Hong Kong SAR, China",HKG,"Life expectancy at birth, total (years)",SP.DYN.LE00.IN,77.3804878048781
Hungary,HUN,"Population, total",SP.POP.TOTL,10373988
Hungary,HUN,Rural population,SP.RUR.TOTL,3543962
Hungary,HUN,Urban population,SP.URB.TOTL,6830026
Hungary,HUN,"Death rate, crude (per 1,000 people)",SP.DYN.CDRT.IN,14
Hungary,HUN,"Life expectancy at birth, total (years)",SP.DYN.LE00.IN,69.3156097560976
Iceland,ISL,"Population, total",SP.POP.TOTL,254826
Iceland,ISL,Rural population,SP.RUR.TOTL,23571
Iceland,ISL,Urban population,SP.URB.TOTL,231255
Iceland,ISL,"Death rate, crude (per 1,000 people)",SP.DYN.CDRT.IN,6.7
Iceland,ISL,"Life expectancy at birth, total (years)",SP.DYN.LE00.IN,78.0363414634146
India,IND,"Population, total",SP.POP.TOTL,870601776
India,IND,Rural population,SP.RUR.TOTL,648189140
India,IND,Urban population,SP.URB.TOTL,222412636
India,IND,"Death rate, crude (per 1,000 people)",SP.DYN.CDRT.IN,10.552
India,IND,"Life expectancy at birth, total (years)",SP.DYN.LE00.IN,58.5291951219512
Indonesia,IDN,"Population, total",SP.POP.TOTL,181436821
Indonesia,IDN,Rural population,SP.RUR.TOTL,125946184
Indonesia,IDN,Urban population,SP.URB.TOTL,55490637
Indonesia,IDN,"Death rate, crude (per 1,000 people)",SP.DYN.CDRT.IN,7.845
Indonesia,IDN,"Life expectancy at birth, total (years)",SP.DYN.LE00.IN,63.4493414634146
"Iran, Islamic Rep.",IRN,"Population, total",SP.POP.TOTL,56169196
"Iran, Islamic Rep.",IRN,Rural population,SP.RUR.TOTL,24529088
"Iran, Islamic Rep.",IRN,Urban population,SP.URB.TOTL,31640108
"Iran, Islamic Rep.",IRN,"Death rate, crude (per 1,000 people)",SP.DYN.CDRT.IN,7.494
"Iran, Islamic Rep.",IRN,"Life expectancy at birth, total (years)",SP.DYN.LE00.IN,63.4459512195122
Iraq,IRQ,"Population, total",SP.POP.TOTL,17478455
Iraq,IRQ,Rural population,SP.RUR.TOTL,5294923
Iraq,IRQ,Urban population,SP.URB.TOTL,12183532
Iraq,IRQ,"Death rate, crude (per 1,000 people)",SP.DYN.CDRT.IN,6.162
Iraq,IRQ,"Life expectancy at birth, total (years)",SP.DYN.LE00.IN,68.4025609756098
Ireland,IRL,"Population, total",SP.POP.TOTL,3513974
Ireland,IRL,Rural population,SP.RUR.TOTL,1514312
Ireland,IRL,Urban population,SP.URB.TOTL,1999662
Ireland,IRL,"Death rate, crude (per 1,000 people)",SP.DYN.CDRT.IN,8.9
Ireland,IRL,"Life expectancy at birth, total (years)",SP.DYN.LE00.IN,74.7413170731707
Isle of Man,IMY,"Population, total",SP.POP.TOTL,70312
Isle of Man,IMY,Rural population,SP.RUR.TOTL,33928
Isle of Man,IMY,Urban population,SP.URB.TOTL,36384
Isle of Man,IMY,"Death rate, crude (per 1,000 people)",SP.DYN.CDRT.IN,..
Isle of Man,IMY,"Life expectancy at birth, total (years)",SP.DYN.LE00.IN,..
Israel,ISR,"Population, total",SP.POP.TOTL,4660000
Israel,ISR,Rural population,SP.RUR.TOTL,449271
Israel,ISR,Urban population,SP.URB.TOTL,4210729
Israel,ISR,"Death rate, crude (per 1,000 people)",SP.DYN.CDRT.IN,6.8
Israel,ISR,"Life expectancy at birth, total (years)",SP.DYN.LE00.IN,76.6073170731707
Italy,ITA,"Population, total",SP.POP.TOTL,56719240
Italy,ITA,Rural population,SP.RUR.TOTL,18872760
Italy,ITA,Urban population,SP.URB.TOTL,37846480
Italy,ITA,"Death rate, crude (per 1,000 people)",SP.DYN.CDRT.IN,9.6
Italy,ITA,"Life expectancy at birth, total (years)",SP.DYN.LE00.IN,76.9707317073171
Jamaica,JAM,"Population, total",SP.POP.TOTL,2390000
Jamaica,JAM,Rural population,SP.RUR.TOTL,1208288
Jamaica,JAM,Urban population,SP.URB.TOTL,1181712
Jamaica,JAM,"Death rate, crude (per 1,000 people)",SP.DYN.CDRT.IN,6
Jamaica,JAM,"Life expectancy at birth, total (years)",SP.DYN.LE00.IN,70.6537073170732
Japan,JPN,"Population, total",SP.POP.TOTL,123537000
Japan,JPN,Rural population,SP.RUR.TOTL,27994720
Japan,JPN,Urban population,SP.URB.TOTL,95542280
Japan,JPN,"Death rate, crude (per 1,000 people)",SP.DYN.CDRT.IN,6.7
Japan,JPN,"Life expectancy at birth, total (years)",SP.DYN.LE00.IN,78.8368292682927
Jordan,JOR,"Population, total",SP.POP.TOTL,3170000
Jordan,JOR,Rural population,SP.RUR.TOTL,846675
Jordan,JOR,Urban population,SP.URB.TOTL,2323325
Jordan,JOR,"Death rate, crude (per 1,000 people)",SP.DYN.CDRT.IN,5.114
Jordan,JOR,"Life expectancy at birth, total (years)",SP.DYN.LE00.IN,69.9208536585366
Kazakhstan,KAZ,"Population, total",SP.POP.TOTL,16348000
Kazakhstan,KAZ,Rural population,SP.RUR.TOTL,7149634
Kazakhstan,KAZ,Urban population,SP.URB.TOTL,9198366
Kazakhstan,KAZ,"Death rate, crude (per 1,000 people)",SP.DYN.CDRT.IN,7.7
Kazakhstan,KAZ,"Life expectancy at birth, total (years)",SP.DYN.LE00.IN,68.3365853658537
Kenya,KEN,"Population, total",SP.POP.TOTL,23446229
Kenya,KEN,Rural population,SP.RUR.TOTL,19519455
Kenya,KEN,Urban population,SP.URB.TOTL,3926774
Kenya,KEN,"Death rate, crude (per 1,000 people)",SP.DYN.CDRT.IN,9.861
Kenya,KEN,"Life expectancy at birth, total (years)",SP.DYN.LE00.IN,59.1153414634146
Kiribati,KIR,"Population, total",SP.POP.TOTL,72411
Kiribati,KIR,Rural population,SP.RUR.TOTL,47077
Kiribati,KIR,Urban population,SP.URB.TOTL,25334
Kiribati,KIR,"Death rate, crude (per 1,000 people)",SP.DYN.CDRT.IN,9.325
Kiribati,KIR,"Life expectancy at birth, total (years)",SP.DYN.LE00.IN,60.637512195122
"Korea, Dem. Rep.",PRK,"Population, total",SP.POP.TOTL,20194354
"Korea, Dem. Rep.",PRK,Rural population,SP.RUR.TOTL,8404082
"Korea, Dem. Rep.",PRK,Urban population,SP.URB.TOTL,11790272
"Korea, Dem. Rep.",PRK,"Death rate, crude (per 1,000 people)",SP.DYN.CDRT.IN,5.689
"Korea, Dem. Rep.",PRK,"Life expectancy at birth, total (years)",SP.DYN.LE00.IN,69.3443170731707
"Korea, Rep.",KOR,"Population, total",SP.POP.TOTL,42869283
"Korea, Rep.",KOR,Rural population,SP.RUR.TOTL,11212890
"Korea, Rep.",KOR,Urban population,SP.URB.TOTL,31656393
"Korea, Rep.",KOR,"Death rate, crude (per 1,000 people)",SP.DYN.CDRT.IN,5.6
"Korea, Rep.",KOR,"Life expectancy at birth, total (years)",SP.DYN.LE00.IN,71.299756097561
Kosovo,KSV,"Population, total",SP.POP.TOTL,1862000
Kosovo,KSV,Rural population,SP.RUR.TOTL,..
Kosovo,KSV,Urban population,SP.URB.TOTL,..
Kosovo,KSV,"Death rate, crude (per 1,000 people)",SP.DYN.CDRT.IN,6.7
Kosovo,KSV,"Life expectancy at birth, total (years)",SP.DYN.LE00.IN,67.7487804878049
Kuwait,KWT,"Population, total",SP.POP.TOTL,2058832
Kuwait,KWT,Rural population,SP.RUR.TOTL,41712
Kuwait,KWT,Urban population,SP.URB.TOTL,2017120
Kuwait,KWT,"Death rate, crude (per 1,000 people)",SP.DYN.CDRT.IN,2.689
Kuwait,KWT,"Life expectancy at birth, total (years)",SP.DYN.LE00.IN,72.2595365853659
Kyrgyz Republic,KGZ,"Population, total",SP.POP.TOTL,4391200
Kyrgyz Republic,KGZ,Rural population,SP.RUR.TOTL,2732336
Kyrgyz Republic,KGZ,Urban population,SP.URB.TOTL,1658864
Kyrgyz Republic,KGZ,"Death rate, crude (per 1,000 people)",SP.DYN.CDRT.IN,7
Kyrgyz Republic,KGZ,"Life expectancy at birth, total (years)",SP.DYN.LE00.IN,68.2975609756098
Lao PDR,LAO,"Population, total",SP.POP.TOTL,4247839
Lao PDR,LAO,Rural population,SP.RUR.TOTL,3592100
Lao PDR,LAO,Urban population,SP.URB.TOTL,655739
Lao PDR,LAO,"Death rate, crude (per 1,000 people)",SP.DYN.CDRT.IN,13.342
Lao PDR,LAO,"Life expectancy at birth, total (years)",SP.DYN.LE00.IN,54.1195609756098
Latin America & Caribbean (all income levels),LCN,"Population, total",SP.POP.TOTL,445998222
Latin America & Caribbean (all income levels),LCN,Rural population,SP.RUR.TOTL,131753789
Latin America & Caribbean (all income levels),LCN,Urban population,SP.URB.TOTL,314214397
Latin America & Caribbean (all income levels),LCN,"Death rate, crude (per 1,000 people)",SP.DYN.CDRT.IN,6.76216407676843
Latin America & Caribbean (all income levels),LCN,"Life expectancy at birth, total (years)",SP.DYN.LE00.IN,68.3005474586394
Latin America & Caribbean (developing only),LAC,"Population, total",SP.POP.TOTL,371398873
Latin America & Caribbean (developing only),LAC,Rural population,SP.RUR.TOTL,120100942
Latin America & Caribbean (developing only),LAC,Urban population,SP.URB.TOTL,251297931
Latin America & Caribbean (developing only),LAC,"Death rate, crude (per 1,000 people)",SP.DYN.CDRT.IN,6.73783863019692
Latin America & Caribbean (developing only),LAC,"Life expectancy at birth, total (years)",SP.DYN.LE00.IN,67.5813818841081
Latvia,LVA,"Population, total",SP.POP.TOTL,2663151
Latvia,LVA,Rural population,SP.RUR.TOTL,818919
Latvia,LVA,Urban population,SP.URB.TOTL,1844232
Latvia,LVA,"Death rate, crude (per 1,000 people)",SP.DYN.CDRT.IN,13.1
Latvia,LVA,"Life expectancy at birth, total (years)",SP.DYN.LE00.IN,69.2731707317073
Least developed countries: UN classification,LDC,"Population, total",SP.POP.TOTL,510057629
Least developed countries: UN classification,LDC,Rural population,SP.RUR.TOTL,402545815
Least developed countries: UN classification,LDC,Urban population,SP.URB.TOTL,107511814
Least developed countries: UN classification,LDC,"Death rate, crude (per 1,000 people)",SP.DYN.CDRT.IN,15.0130476875376
Least developed countries: UN classification,LDC,"Life expectancy at birth, total (years)",SP.DYN.LE00.IN,52.0215453924476
Lebanon,LBN,"Population, total",SP.POP.TOTL,2703019
Lebanon,LBN,Rural population,SP.RUR.TOTL,456270
Lebanon,LBN,Urban population,SP.URB.TOTL,2246749
Lebanon,LBN,"Death rate, crude (per 1,000 people)",SP.DYN.CDRT.IN,6.826
Lebanon,LBN,"Life expectancy at birth, total (years)",SP.DYN.LE00.IN,70.2211463414634
Lesotho,LSO,"Population, total",SP.POP.TOTL,1597534
Lesotho,LSO,Rural population,SP.RUR.TOTL,1374406
Lesotho,LSO,Urban population,SP.URB.TOTL,223128
Lesotho,LSO,"Death rate, crude (per 1,000 people)",SP.DYN.CDRT.IN,10.354
Lesotho,LSO,"Life expectancy at birth, total (years)",SP.DYN.LE00.IN,59.3310975609756
Liberia,LBR,"Population, total",SP.POP.TOTL,2102877
Liberia,LBR,Rural population,SP.RUR.TOTL,937421
Liberia,LBR,Urban population,SP.URB.TOTL,1165456
Liberia,LBR,"Death rate, crude (per 1,000 people)",SP.DYN.CDRT.IN,18.168
Liberia,LBR,"Life expectancy at birth, total (years)",SP.DYN.LE00.IN,47.2024390243903
Libya,LBY,"Population, total",SP.POP.TOTL,4398419
Libya,LBY,Rural population,SP.RUR.TOTL,1067804
Libya,LBY,Urban population,SP.URB.TOTL,3330615
Libya,LBY,"Death rate, crude (per 1,000 people)",SP.DYN.CDRT.IN,5.234
Libya,LBY,"Life expectancy at birth, total (years)",SP.DYN.LE00.IN,68.5648536585366
Liechtenstein,LIE,"Population, total",SP.POP.TOTL,28745
Liechtenstein,LIE,Rural population,SP.RUR.TOTL,23879
Liechtenstein,LIE,Urban population,SP.URB.TOTL,4866
Liechtenstein,LIE,"Death rate, crude (per 1,000 people)",SP.DYN.CDRT.IN,6.8
Liechtenstein,LIE,"Life expectancy at birth, total (years)",SP.DYN.LE00.IN,..
Lithuania,LTU,"Population, total",SP.POP.TOTL,3697838
Lithuania,LTU,Rural population,SP.RUR.TOTL,1198728
Lithuania,LTU,Urban population,SP.URB.TOTL,2499110
Lithuania,LTU,"Death rate, crude (per 1,000 people)",SP.DYN.CDRT.IN,10.8
Lithuania,LTU,"Life expectancy at birth, total (years)",SP.DYN.LE00.IN,71.1607317073171
Low & middle income,LMY,"Population, total",SP.POP.TOTL,4079586256
Low & middle income,LMY,Rural population,SP.RUR.TOTL,2704550294
Low & middle income,LMY,Urban population,SP.URB.TOTL,1373173962
Low & middle income,LMY,"Death rate, crude (per 1,000 people)",SP.DYN.CDRT.IN,9.20080764157794
Low & middle income,LMY,"Life expectancy at birth, total (years)",SP.DYN.LE00.IN,63.1111809990819
Low income,LIC,"Population, total",SP.POP.TOTL,323227228
Low income,LIC,Rural population,SP.RUR.TOTL,252094013
Low income,LIC,Urban population,SP.URB.TOTL,71133215
Low income,LIC,"Death rate, crude (per 1,000 people)",SP.DYN.CDRT.IN,16.5928851203835
Low income,LIC,"Life expectancy at birth, total (years)",SP.DYN.LE00.IN,49.7677637688057
Lower middle income,LMC,"Population, total",SP.POP.TOTL,1899363670
Lower middle income,LMC,Rural population,SP.RUR.TOTL,1330769088
Lower middle income,LMC,Urban population,SP.URB.TOTL,566732582
Lower middle income,LMC,"Death rate, crude (per 1,000 people)",SP.DYN.CDRT.IN,10.2038410060297
Lower middle income,LMC,"Life expectancy at birth, total (years)",SP.DYN.LE00.IN,60.0744390659087
Luxembourg,LUX,"Population, total",SP.POP.TOTL,381850
Luxembourg,LUX,Rural population,SP.RUR.TOTL,72754
Luxembourg,LUX,Urban population,SP.URB.TOTL,309096
Luxembourg,LUX,"Death rate, crude (per 1,000 people)",SP.DYN.CDRT.IN,9.9
Luxembourg,LUX,"Life expectancy at birth, total (years)",SP.DYN.LE00.IN,75.0099268292683
"Macao SAR, China",MAC,"Population, total",SP.POP.TOTL,359735
"Macao SAR, China",MAC,Rural population,SP.RUR.TOTL,853
"Macao SAR, China",MAC,Urban population,SP.URB.TOTL,358882
"Macao SAR, China",MAC,"Death rate, crude (per 1,000 people)",SP.DYN.CDRT.IN,5.489
"Macao SAR, China",MAC,"Life expectancy at birth, total (years)",SP.DYN.LE00.IN,75.2769756097561
"Macedonia, FYR",MKD,"Population, total",SP.POP.TOTL,1996227
"Macedonia, FYR",MKD,Rural population,SP.RUR.TOTL,842627
"Macedonia, FYR",MKD,Urban population,SP.URB.TOTL,1153600
"Macedonia, FYR",MKD,"Death rate, crude (per 1,000 people)",SP.DYN.CDRT.IN,7.747
"Macedonia, FYR",MKD,"Life expectancy at birth, total (years)",SP.DYN.LE00.IN,71.1476341463415
Madagascar,MDG,"Population, total",SP.POP.TOTL,11545782
Madagascar,MDG,Rural population,SP.RUR.TOTL,8824903
Madagascar,MDG,Urban population,SP.URB.TOTL,2720879
Madagascar,MDG,"Death rate, crude (per 1,000 people)",SP.DYN.CDRT.IN,15.24
Madagascar,MDG,"Life expectancy at birth, total (years)",SP.DYN.LE00.IN,51.0080975609756
Malawi,MWI,"Population, total",SP.POP.TOTL,9408998
Malawi,MWI,Rural population,SP.RUR.TOTL,8321318
Malawi,MWI,Urban population,SP.URB.TOTL,1087680
Malawi,MWI,"Death rate, crude (per 1,000 people)",SP.DYN.CDRT.IN,18.354
Malawi,MWI,"Life expectancy at birth, total (years)",SP.DYN.LE00.IN,47.1168292682927
Malaysia,MYS,"Population, total",SP.POP.TOTL,18211097
Malaysia,MYS,Rural population,SP.RUR.TOTL,9143063
Malaysia,MYS,Urban population,SP.URB.TOTL,9068034
Malaysia,MYS,"Death rate, crude (per 1,000 people)",SP.DYN.CDRT.IN,4.856
Malaysia,MYS,"Life expectancy at birth, total (years)",SP.DYN.LE00.IN,70.7574878048781
Maldives,MDV,"Population, total",SP.POP.TOTL,223179
Maldives,MDV,Rural population,SP.RUR.TOTL,165510
Maldives,MDV,Urban population,SP.URB.TOTL,57669
Maldives,MDV,"Death rate, crude (per 1,000 people)",SP.DYN.CDRT.IN,9.388
Maldives,MDV,"Life expectancy at birth, total (years)",SP.DYN.LE00.IN,60.6042682926829
Mali,MLI,"Population, total",SP.POP.TOTL,8482075
Mali,MLI,Rural population,SP.RUR.TOTL,6503885
Mali,MLI,Urban population,SP.URB.TOTL,1978190
Mali,MLI,"Death rate, crude (per 1,000 people)",SP.DYN.CDRT.IN,20.041
Mali,MLI,"Life expectancy at birth, total (years)",SP.DYN.LE00.IN,46.4647073170732
Malta,MLT,"Population, total",SP.POP.TOTL,354170
Malta,MLT,Rural population,SP.RUR.TOTL,34068
Malta,MLT,Urban population,SP.URB.TOTL,320102
Malta,MLT,"Death rate, crude (per 1,000 people)",SP.DYN.CDRT.IN,7.8
Malta,MLT,"Life expectancy at birth, total (years)",SP.DYN.LE00.IN,75.1757804878049
Marshall Islands,MHL,"Population, total",SP.POP.TOTL,47300
Marshall Islands,MHL,Rural population,SP.RUR.TOTL,16529
Marshall Islands,MHL,Urban population,SP.URB.TOTL,30771
Marshall Islands,MHL,"Death rate, crude (per 1,000 people)",SP.DYN.CDRT.IN,..
Marshall Islands,MHL,"Life expectancy at birth, total (years)",SP.DYN.LE00.IN,..
Mauritania,MRT,"Population, total",SP.POP.TOTL,2023665
Mauritania,MRT,Rural population,SP.RUR.TOTL,1187385
Mauritania,MRT,Urban population,SP.URB.TOTL,836280
Mauritania,MRT,"Death rate, crude (per 1,000 people)",SP.DYN.CDRT.IN,10.538
Mauritania,MRT,"Life expectancy at birth, total (years)",SP.DYN.LE00.IN,58.3861219512195
Mauritius,MUS,"Population, total",SP.POP.TOTL,1058775
Mauritius,MUS,Rural population,SP.RUR.TOTL,593973
Mauritius,MUS,Urban population,SP.URB.TOTL,464802
Mauritius,MUS,"Death rate, crude (per 1,000 people)",SP.DYN.CDRT.IN,6.6
Mauritius,MUS,"Life expectancy at birth, total (years)",SP.DYN.LE00.IN,69.4048780487805
Mexico,MEX,"Population, total",SP.POP.TOTL,85609404
Mexico,MEX,Rural population,SP.RUR.TOTL,24468024
Mexico,MEX,Urban population,SP.URB.TOTL,61141380
Mexico,MEX,"Death rate, crude (per 1,000 people)",SP.DYN.CDRT.IN,5.418
Mexico,MEX,"Life expectancy at birth, total (years)",SP.DYN.LE00.IN,70.7957317073171
"Micronesia, Fed. Sts.",FSM,"Population, total",SP.POP.TOTL,96331
"Micronesia, Fed. Sts.",FSM,Rural population,SP.RUR.TOTL,71460
"Micronesia, Fed. Sts.",FSM,Urban population,SP.URB.TOTL,24871
"Micronesia, Fed. Sts.",FSM,"Death rate, crude (per 1,000 people)",SP.DYN.CDRT.IN,6.533
"Micronesia, Fed. Sts.",FSM,"Life expectancy at birth, total (years)",SP.DYN.LE00.IN,66.1975853658537
Middle East & North Africa (all income levels),MEA,"Population, total",SP.POP.TOTL,254342990
Middle East & North Africa (all income levels),MEA,Rural population,SP.RUR.TOTL,114833322
Middle East & North Africa (all income levels),MEA,Urban population,SP.URB.TOTL,139509668
Middle East & North Africa (all income levels),MEA,"Death rate, crude (per 1,000 people)",SP.DYN.CDRT.IN,7.08338061989442
Middle East & North Africa (all income levels),MEA,"Life expectancy at birth, total (years)",SP.DYN.LE00.IN,65.8586428892138
Middle East & North Africa (developing only),MNA,"Population, total",SP.POP.TOTL,226312496
Middle East & North Africa (developing only),MNA,Rural population,SP.RUR.TOTL,109389950
Middle East & North Africa (developing only),MNA,Urban population,SP.URB.TOTL,116922546
Middle East & North Africa (developing only),MNA,"Death rate, crude (per 1,000 people)",SP.DYN.CDRT.IN,7.33488498202503
Middle East & North Africa (developing only),MNA,"Life expectancy at birth, total (years)",SP.DYN.LE00.IN,65.2339774536866
Middle income,MIC,"Population, total",SP.POP.TOTL,3756359028
Middle income,MIC,Rural population,SP.RUR.TOTL,2452456281
Middle income,MIC,Urban population,SP.URB.TOTL,1302040747
Middle income,MIC,"Death rate, crude (per 1,000 people)",SP.DYN.CDRT.IN,8.56342934031467
Middle income,MIC,"Life expectancy at birth, total (years)",SP.DYN.LE00.IN,64.2617324581007
Moldova,MDA,"Population, total",SP.POP.TOTL,3696000
Moldova,MDA,Rural population,SP.RUR.TOTL,1967676
Moldova,MDA,Urban population,SP.URB.TOTL,1728324
Moldova,MDA,"Death rate, crude (per 1,000 people)",SP.DYN.CDRT.IN,10.343
Moldova,MDA,"Life expectancy at birth, total (years)",SP.DYN.LE00.IN,67.4656585365854
Monaco,MCO,"Population, total",SP.POP.TOTL,29438
Monaco,MCO,Rural population,SP.RUR.TOTL,0
Monaco,MCO,Urban population,SP.URB.TOTL,29438
Monaco,MCO,"Death rate, crude (per 1,000 people)",SP.DYN.CDRT.IN,..
Monaco,MCO,"Life expectancy at birth, total (years)",SP.DYN.LE00.IN,..
Mongolia,MNG,"Population, total",SP.POP.TOTL,2184145
Mongolia,MNG,Rural population,SP.RUR.TOTL,938462
Mongolia,MNG,Urban population,SP.URB.TOTL,1245683
Mongolia,MNG,"Death rate, crude (per 1,000 people)",SP.DYN.CDRT.IN,10.058
Mongolia,MNG,"Life expectancy at birth, total (years)",SP.DYN.LE00.IN,60.2703414634146
Montenegro,MNE,"Population, total",SP.POP.TOTL,608320
Montenegro,MNE,Rural population,SP.RUR.TOTL,316101
Montenegro,MNE,Urban population,SP.URB.TOTL,292219
Montenegro,MNE,"Death rate, crude (per 1,000 people)",SP.DYN.CDRT.IN,7.252
Montenegro,MNE,"Life expectancy at birth, total (years)",SP.DYN.LE00.IN,74.3410487804878
Morocco,MAR,"Population, total",SP.POP.TOTL,24950128
Morocco,MAR,Rural population,SP.RUR.TOTL,12876512
Morocco,MAR,Urban population,SP.URB.TOTL,12073616
Morocco,MAR,"Death rate, crude (per 1,000 people)",SP.DYN.CDRT.IN,7.061
Morocco,MAR,"Life expectancy at birth, total (years)",SP.DYN.LE00.IN,64.683
Mozambique,MOZ,"Population, total",SP.POP.TOTL,13371971
Mozambique,MOZ,Rural population,SP.RUR.TOTL,10028978
Mozambique,MOZ,Urban population,SP.URB.TOTL,3342993
Mozambique,MOZ,"Death rate, crude (per 1,000 people)",SP.DYN.CDRT.IN,20.35
Mozambique,MOZ,"Life expectancy at birth, total (years)",SP.DYN.LE00.IN,43.5793170731707
Myanmar,MMR,"Population, total",SP.POP.TOTL,42007309
Myanmar,MMR,Rural population,SP.RUR.TOTL,31686113
Myanmar,MMR,Urban population,SP.URB.TOTL,10321196
Myanmar,MMR,"Death rate, crude (per 1,000 people)",SP.DYN.CDRT.IN,10.146
Myanmar,MMR,"Life expectancy at birth, total (years)",SP.DYN.LE00.IN,58.6951707317073
Namibia,NAM,"Population, total",SP.POP.TOTL,1415447
Namibia,NAM,Rural population,SP.RUR.TOTL,1023991
Namibia,NAM,Urban population,SP.URB.TOTL,391456
Namibia,NAM,"Death rate, crude (per 1,000 people)",SP.DYN.CDRT.IN,8.824
Namibia,NAM,"Life expectancy at birth, total (years)",SP.DYN.LE00.IN,61.2249512195122
Nepal,NPL,"Population, total",SP.POP.TOTL,18741688
Nepal,NPL,Rural population,SP.RUR.TOTL,17082299
Nepal,NPL,Urban population,SP.URB.TOTL,1659389
Nepal,NPL,"Death rate, crude (per 1,000 people)",SP.DYN.CDRT.IN,12.453
Nepal,NPL,"Life expectancy at birth, total (years)",SP.DYN.LE00.IN,55.0364390243903
Netherlands,NLD,"Population, total",SP.POP.TOTL,14951510
Netherlands,NLD,Rural population,SP.RUR.TOTL,4682215
Netherlands,NLD,Urban population,SP.URB.TOTL,10269295
Netherlands,NLD,"Death rate, crude (per 1,000 people)",SP.DYN.CDRT.IN,8.6
Netherlands,NLD,"Life expectancy at birth, total (years)",SP.DYN.LE00.IN,76.8780487804878
New Caledonia,NCL,"Population, total",SP.POP.TOTL,170899
New Caledonia,NCL,Rural population,SP.RUR.TOTL,69151
New Caledonia,NCL,Urban population,SP.URB.TOTL,101748
New Caledonia,NCL,"Death rate, crude (per 1,000 people)",SP.DYN.CDRT.IN,5.4
New Caledonia,NCL,"Life expectancy at birth, total (years)",SP.DYN.LE00.IN,70.4853658536586
New Zealand,NZL,"Population, total",SP.POP.TOTL,3329800
New Zealand,NZL,Rural population,SP.RUR.TOTL,508061
New Zealand,NZL,Urban population,SP.URB.TOTL,2821739
New Zealand,NZL,"Death rate, crude (per 1,000 people)",SP.DYN.CDRT.IN,8.1
New Zealand,NZL,"Life expectancy at birth, total (years)",SP.DYN.LE00.IN,75.3780487804878
Nicaragua,NIC,"Population, total",SP.POP.TOTL,4144564
Nicaragua,NIC,Rural population,SP.RUR.TOTL,1975424
Nicaragua,NIC,Urban population,SP.URB.TOTL,2169140
Nicaragua,NIC,"Death rate, crude (per 1,000 people)",SP.DYN.CDRT.IN,7.42
Nicaragua,NIC,"Life expectancy at birth, total (years)",SP.DYN.LE00.IN,64.135
Niger,NER,"Population, total",SP.POP.TOTL,7911884
Niger,NER,Rural population,SP.RUR.TOTL,6695986
Niger,NER,Urban population,SP.URB.TOTL,1215898
Niger,NER,"Death rate, crude (per 1,000 people)",SP.DYN.CDRT.IN,22.615
Niger,NER,"Life expectancy at birth, total (years)",SP.DYN.LE00.IN,43.9511951219512
Nigeria,NGA,"Population, total",SP.POP.TOTL,95617345
Nigeria,NGA,Rural population,SP.RUR.TOTL,67238117
Nigeria,NGA,Urban population,SP.URB.TOTL,28379228
Nigeria,NGA,"Death rate, crude (per 1,000 people)",SP.DYN.CDRT.IN,18.385
Nigeria,NGA,"Life expectancy at birth, total (years)",SP.DYN.LE00.IN,46.1102682926829
North America,NAC,"Population, total",SP.POP.TOTL,277473326
North America,NAC,Rural population,SP.RUR.TOTL,68164977
North America,NAC,Urban population,SP.URB.TOTL,209308349
North America,NAC,"Death rate, crude (per 1,000 people)",SP.DYN.CDRT.IN,8.46951746201363
North America,NAC,"Life expectancy at birth, total (years)",SP.DYN.LE00.IN,75.4312646802252
Northern Mariana Islands,MNP,"Population, total",SP.POP.TOTL,43972
Northern Mariana Islands,MNP,Rural population,SP.RUR.TOTL,4515
Northern Mariana Islands,MNP,Urban population,SP.URB.TOTL,39457
Northern Mariana Islands,MNP,"Death rate, crude (per 1,000 people)",SP.DYN.CDRT.IN,..
Northern Mariana Islands,MNP,"Life expectancy at birth, total (years)",SP.DYN.LE00.IN,..
Norway,NOR,"Population, total",SP.POP.TOTL,4241473
Norway,NOR,Rural population,SP.RUR.TOTL,1189479
Norway,NOR,Urban population,SP.URB.TOTL,3051994
Norway,NOR,"Death rate, crude (per 1,000 people)",SP.DYN.CDRT.IN,10.9
Norway,NOR,"Life expectancy at birth, total (years)",SP.DYN.LE00.IN,76.5373170731707
OECD members,OED,"Population, total",SP.POP.TOTL,1066598845
OECD members,OED,Rural population,SP.RUR.TOTL,285251642
OECD members,OED,Urban population,SP.URB.TOTL,781347203
OECD members,OED,"Death rate, crude (per 1,000 people)",SP.DYN.CDRT.IN,8.60964950910949
OECD members,OED,"Life expectancy at birth, total (years)",SP.DYN.LE00.IN,74.6888142466803
Oman,OMN,"Population, total",SP.POP.TOTL,1812159
Oman,OMN,Rural population,SP.RUR.TOTL,614286
Oman,OMN,Urban population,SP.URB.TOTL,1197873
Oman,OMN,"Death rate, crude (per 1,000 people)",SP.DYN.CDRT.IN,5.47
Oman,OMN,"Life expectancy at birth, total (years)",SP.DYN.LE00.IN,67.2677317073171
Other small states,OSS,"Population, total",SP.POP.TOTL,13252515
Other small states,OSS,Rural population,SP.RUR.TOTL,8569849
Other small states,OSS,Urban population,SP.URB.TOTL,4682666
Other small states,OSS,"Death rate, crude (per 1,000 people)",SP.DYN.CDRT.IN,10.8646803841384
Other small states,OSS,"Life expectancy at birth, total (years)",SP.DYN.LE00.IN,58.9609123982791
Pacific island small states,PSS,"Population, total",SP.POP.TOTL,1685260
Pacific island small states,PSS,Rural population,SP.RUR.TOTL,1160709
Pacific island small states,PSS,Urban population,SP.URB.TOTL,524551
Pacific island small states,PSS,"Death rate, crude (per 1,000 people)",SP.DYN.CDRT.IN,7.5992841611437
Pacific island small states,PSS,"Life expectancy at birth, total (years)",SP.DYN.LE00.IN,63.6912764917096
Pakistan,PAK,"Population, total",SP.POP.TOTL,107607639
Pakistan,PAK,Rural population,SP.RUR.TOTL,74705527
Pakistan,PAK,Urban population,SP.URB.TOTL,32902112
Pakistan,PAK,"Death rate, crude (per 1,000 people)",SP.DYN.CDRT.IN,10.057
Pakistan,PAK,"Life expectancy at birth, total (years)",SP.DYN.LE00.IN,61.1873170731707
Palau,PLW,"Population, total",SP.POP.TOTL,15089
Palau,PLW,Rural population,SP.RUR.TOTL,4588
Palau,PLW,Urban population,SP.URB.TOTL,10501
Palau,PLW,"Death rate, crude (per 1,000 people)",SP.DYN.CDRT.IN,7.7
Palau,PLW,"Life expectancy at birth, total (years)",SP.DYN.LE00.IN,69.0692682926829
Panama,PAN,"Population, total",SP.POP.TOTL,2471010
Panama,PAN,Rural population,SP.RUR.TOTL,1139061
Panama,PAN,Urban population,SP.URB.TOTL,1331949
Panama,PAN,"Death rate, crude (per 1,000 people)",SP.DYN.CDRT.IN,4.941
Panama,PAN,"Life expectancy at birth, total (years)",SP.DYN.LE00.IN,73.0595853658537
Papua New Guinea,PNG,"Population, total",SP.POP.TOTL,4157903
Papua New Guinea,PNG,Rural population,SP.RUR.TOTL,3534467
Papua New Guinea,PNG,Urban population,SP.URB.TOTL,623436
Papua New Guinea,PNG,"Death rate, crude (per 1,000 people)",SP.DYN.CDRT.IN,10.481
Papua New Guinea,PNG,"Life expectancy at birth, total (years)",SP.DYN.LE00.IN,55.7093414634146
Paraguay,PRY,"Population, total",SP.POP.TOTL,4213740
Paraguay,PRY,Rural population,SP.RUR.TOTL,2161901
Paraguay,PRY,Urban population,SP.URB.TOTL,2051839
Paraguay,PRY,"Death rate, crude (per 1,000 people)",SP.DYN.CDRT.IN,6.403
Paraguay,PRY,"Life expectancy at birth, total (years)",SP.DYN.LE00.IN,68.0126097560976
Peru,PER,"Population, total",SP.POP.TOTL,21826658
Peru,PER,Rural population,SP.RUR.TOTL,6787872
Peru,PER,Urban population,SP.URB.TOTL,15038786
Peru,PER,"Death rate, crude (per 1,000 people)",SP.DYN.CDRT.IN,7.284
Peru,PER,"Life expectancy at birth, total (years)",SP.DYN.LE00.IN,65.5304390243902
Philippines,PHL,"Population, total",SP.POP.TOTL,61947340
Philippines,PHL,Rural population,SP.RUR.TOTL,31847127
Philippines,PHL,Urban population,SP.URB.TOTL,30100213
Philippines,PHL,"Death rate, crude (per 1,000 people)",SP.DYN.CDRT.IN,6.615
Philippines,PHL,"Life expectancy at birth, total (years)",SP.DYN.LE00.IN,65.2235609756098
Poland,POL,"Population, total",SP.POP.TOTL,38110782
Poland,POL,Rural population,SP.RUR.TOTL,14760306
Poland,POL,Urban population,SP.URB.TOTL,23350476
Poland,POL,"Death rate, crude (per 1,000 people)",SP.DYN.CDRT.IN,10.2
Poland,POL,"Life expectancy at birth, total (years)",SP.DYN.LE00.IN,70.890243902439
Portugal,PRT,"Population, total",SP.POP.TOTL,9983218
Portugal,PRT,Rural population,SP.RUR.TOTL,5199759
Portugal,PRT,Urban population,SP.URB.TOTL,4783459
Portugal,PRT,"Death rate, crude (per 1,000 people)",SP.DYN.CDRT.IN,10.3
Portugal,PRT,"Life expectancy at birth, total (years)",SP.DYN.LE00.IN,73.9658536585366
Puerto Rico,PRI,"Population, total",SP.POP.TOTL,3537000
Puerto Rico,PRI,Rural population,SP.RUR.TOTL,249641
Puerto Rico,PRI,Urban population,SP.URB.TOTL,3287359
Puerto Rico,PRI,"Death rate, crude (per 1,000 people)",SP.DYN.CDRT.IN,7.3
Puerto Rico,PRI,"Life expectancy at birth, total (years)",SP.DYN.LE00.IN,74.1691707317073
Qatar,QAT,"Population, total",SP.POP.TOTL,476478
Qatar,QAT,Rural population,SP.RUR.TOTL,34373
Qatar,QAT,Urban population,SP.URB.TOTL,442105
Qatar,QAT,"Death rate, crude (per 1,000 people)",SP.DYN.CDRT.IN,2.143
Qatar,QAT,"Life expectancy at birth, total (years)",SP.DYN.LE00.IN,75.2994878048781
Romania,ROM,"Population, total",SP.POP.TOTL,23201835
Romania,ROM,Rural population,SP.RUR.TOTL,10854514
Romania,ROM,Urban population,SP.URB.TOTL,12347321
Romania,ROM,"Death rate, crude (per 1,000 people)",SP.DYN.CDRT.IN,10.6
Romania,ROM,"Life expectancy at birth, total (years)",SP.DYN.LE00.IN,69.7412195121951
Russian Federation,RUS,"Population, total",SP.POP.TOTL,148292000
Russian Federation,RUS,Rural population,SP.RUR.TOTL,39454570
Russian Federation,RUS,Urban population,SP.URB.TOTL,108837430
Russian Federation,RUS,"Death rate, crude (per 1,000 people)",SP.DYN.CDRT.IN,11.2
Russian Federation,RUS,"Life expectancy at birth, total (years)",SP.DYN.LE00.IN,68.9024390243902
Rwanda,RWA,"Population, total",SP.POP.TOTL,7259740
Rwanda,RWA,Rural population,SP.RUR.TOTL,6866552
Rwanda,RWA,Urban population,SP.URB.TOTL,393188
Rwanda,RWA,"Death rate, crude (per 1,000 people)",SP.DYN.CDRT.IN,34.043
Rwanda,RWA,"Life expectancy at birth, total (years)",SP.DYN.LE00.IN,32.6115609756098
Samoa,WSM,"Population, total",SP.POP.TOTL,162865
Samoa,WSM,Rural population,SP.RUR.TOTL,128338
Samoa,WSM,Urban population,SP.URB.TOTL,34527
Samoa,WSM,"Death rate, crude (per 1,000 people)",SP.DYN.CDRT.IN,7.267
Samoa,WSM,"Life expectancy at birth, total (years)",SP.DYN.LE00.IN,65.0404146341463
San Marino,SMR,"Population, total",SP.POP.TOTL,24045
San Marino,SMR,Rural population,SP.RUR.TOTL,2308
San Marino,SMR,Urban population,SP.URB.TOTL,21737
San Marino,SMR,"Death rate, crude (per 1,000 people)",SP.DYN.CDRT.IN,..
San Marino,SMR,"Life expectancy at birth, total (years)",SP.DYN.LE00.IN,..
Sao Tome and Principe,STP,"Population, total",SP.POP.TOTL,113575
Sao Tome and Principe,STP,Rural population,SP.RUR.TOTL,64002
Sao Tome and Principe,STP,Urban population,SP.URB.TOTL,49573
Sao Tome and Principe,STP,"Death rate, crude (per 1,000 people)",SP.DYN.CDRT.IN,9.747
Sao Tome and Principe,STP,"Life expectancy at birth, total (years)",SP.DYN.LE00.IN,61.7714390243902
Saudi Arabia,SAU,"Population, total",SP.POP.TOTL,16361453
Saudi Arabia,SAU,Rural population,SP.RUR.TOTL,3831361
Saudi Arabia,SAU,Urban population,SP.URB.TOTL,12530092
Saudi Arabia,SAU,"Death rate, crude (per 1,000 people)",SP.DYN.CDRT.IN,5.135
Saudi Arabia,SAU,"Life expectancy at birth, total (years)",SP.DYN.LE00.IN,69.1489756097561
Senegal,SEN,"Population, total",SP.POP.TOTL,7514201
Senegal,SEN,Rural population,SP.RUR.TOTL,4591177
Senegal,SEN,Urban population,SP.URB.TOTL,2923024
Senegal,SEN,"Death rate, crude (per 1,000 people)",SP.DYN.CDRT.IN,11.414
Senegal,SEN,"Life expectancy at birth, total (years)",SP.DYN.LE00.IN,57.1830975609756
Serbia,SRB,"Population, total",SP.POP.TOTL,7586000
Serbia,SRB,Rural population,SP.RUR.TOTL,3763187
Serbia,SRB,Urban population,SP.URB.TOTL,3822813
Serbia,SRB,"Death rate, crude (per 1,000 people)",SP.DYN.CDRT.IN,..
Serbia,SRB,"Life expectancy at birth, total (years)",SP.DYN.LE00.IN,..
Seychelles,SYC,"Population, total",SP.POP.TOTL,70000
Seychelles,SYC,Rural population,SP.RUR.TOTL,35519
Seychelles,SYC,Urban population,SP.URB.TOTL,34481
Seychelles,SYC,"Death rate, crude (per 1,000 people)",SP.DYN.CDRT.IN,7.28
Seychelles,SYC,"Life expectancy at birth, total (years)",SP.DYN.LE00.IN,..
Sierra Leone,SLE,"Population, total",SP.POP.TOTL,3931208
Sierra Leone,SLE,Rural population,SP.RUR.TOTL,2624003
Sierra Leone,SLE,Urban population,SP.URB.TOTL,1307205
Sierra Leone,SLE,"Death rate, crude (per 1,000 people)",SP.DYN.CDRT.IN,25.921
Sierra Leone,SLE,"Life expectancy at birth, total (years)",SP.DYN.LE00.IN,37.3573658536585
Singapore,SGP,"Population, total",SP.POP.TOTL,3047100
Singapore,SGP,Rural population,SP.RUR.TOTL,0
Singapore,SGP,Urban population,SP.URB.TOTL,3047100
Singapore,SGP,"Death rate, crude (per 1,000 people)",SP.DYN.CDRT.IN,4.8
Singapore,SGP,"Life expectancy at birth, total (years)",SP.DYN.LE00.IN,75.2951219512195
Sint Maarten (Dutch part),SXM,"Population, total",SP.POP.TOTL,..
Sint Maarten (Dutch part),SXM,Rural population,SP.RUR.TOTL,..
Sint Maarten (Dutch part),SXM,Urban population,SP.URB.TOTL,..
Sint Maarten (Dutch part),SXM,"Death rate, crude (per 1,000 people)",SP.DYN.CDRT.IN,..
Sint Maarten (Dutch part),SXM,"Life expectancy at birth, total (years)",SP.DYN.LE00.IN,..
Slovak Republic,SVK,"Population, total",SP.POP.TOTL,5299187
Slovak Republic,SVK,Rural population,SP.RUR.TOTL,2305623
Slovak Republic,SVK,Urban population,SP.URB.TOTL,2993564
Slovak Republic,SVK,"Death rate, crude (per 1,000 people)",SP.DYN.CDRT.IN,10.3
Slovak Republic,SVK,"Life expectancy at birth, total (years)",SP.DYN.LE00.IN,70.9326829268293
Slovenia,SVN,"Population, total",SP.POP.TOTL,1998161
Slovenia,SVN,Rural population,SP.RUR.TOTL,991487
Slovenia,SVN,Urban population,SP.URB.TOTL,1006674
Slovenia,SVN,"Death rate, crude (per 1,000 people)",SP.DYN.CDRT.IN,9.3
Slovenia,SVN,"Life expectancy at birth, total (years)",SP.DYN.LE00.IN,73.2048780487805
Small states,SST,"Population, total",SP.POP.TOTL,20898143
Small states,SST,Rural population,SP.RUR.TOTL,13346843
Small states,SST,Urban population,SP.URB.TOTL,7551300
Small states,SST,"Death rate, crude (per 1,000 people)",SP.DYN.CDRT.IN,9.52361019668952
Small states,SST,"Life expectancy at birth, total (years)",SP.DYN.LE00.IN,62.1269478115434
Solomon Islands,SLB,"Population, total",SP.POP.TOTL,311849
Solomon Islands,SLB,Rural population,SP.RUR.TOTL,269197
Solomon Islands,SLB,Urban population,SP.URB.TOTL,42652
Solomon Islands,SLB,"Death rate, crude (per 1,000 people)",SP.DYN.CDRT.IN,11.002
Solomon Islands,SLB,"Life expectancy at birth, total (years)",SP.DYN.LE00.IN,56.704756097561
Somalia,SOM,"Population, total",SP.POP.TOTL,6321615
Somalia,SOM,Rural population,SP.RUR.TOTL,4446750
Somalia,SOM,Urban population,SP.URB.TOTL,1874865
Somalia,SOM,"Death rate, crude (per 1,000 people)",SP.DYN.CDRT.IN,19.821
Somalia,SOM,"Life expectancy at birth, total (years)",SP.DYN.LE00.IN,45.3893414634146
South Africa,ZAF,"Population, total",SP.POP.TOTL,35200000
South Africa,ZAF,Rural population,SP.RUR.TOTL,16882976
South Africa,ZAF,Urban population,SP.URB.TOTL,18317024
South Africa,ZAF,"Death rate, crude (per 1,000 people)",SP.DYN.CDRT.IN,7.955
South Africa,ZAF,"Life expectancy at birth, total (years)",SP.DYN.LE00.IN,62.1200731707317
South Asia,SAS,"Population, total",SP.POP.TOTL,1132775493
South Asia,SAS,Rural population,SP.RUR.TOTL,849290308
South Asia,SAS,Urban population,SP.URB.TOTL,283485185
South Asia,SAS,"Death rate, crude (per 1,000 people)",SP.DYN.CDRT.IN,10.492586600624
South Asia,SAS,"Life expectancy at birth, total (years)",SP.DYN.LE00.IN,58.9212170491174
South Sudan,SSD,"Population, total",SP.POP.TOTL,5762190
South Sudan,SSD,Rural population,SP.RUR.TOTL,4997202
South Sudan,SSD,Urban population,SP.URB.TOTL,764988
South Sudan,SSD,"Death rate, crude (per 1,000 people)",SP.DYN.CDRT.IN,20.74
South Sudan,SSD,"Life expectancy at birth, total (years)",SP.DYN.LE00.IN,43.5232682926829
Spain,ESP,"Population, total",SP.POP.TOTL,38850435
Spain,ESP,Rural population,SP.RUR.TOTL,9576244
Spain,ESP,Urban population,SP.URB.TOTL,29274191
Spain,ESP,"Death rate, crude (per 1,000 people)",SP.DYN.CDRT.IN,8.6
Spain,ESP,"Life expectancy at birth, total (years)",SP.DYN.LE00.IN,76.8375609756098
Sri Lanka,LKA,"Population, total",SP.POP.TOTL,17015000
Sri Lanka,LKA,Rural population,SP.RUR.TOTL,13855995
Sri Lanka,LKA,Urban population,SP.URB.TOTL,3159005
Sri Lanka,LKA,"Death rate, crude (per 1,000 people)",SP.DYN.CDRT.IN,6.499
Sri Lanka,LKA,"Life expectancy at birth, total (years)",SP.DYN.LE00.IN,69.6794878048781
St. Kitts and Nevis,KNA,"Population, total",SP.POP.TOTL,40833
St. Kitts and Nevis,KNA,Rural population,SP.RUR.TOTL,26701
St. Kitts and Nevis,KNA,Urban population,SP.URB.TOTL,14132
St. Kitts and Nevis,KNA,"Death rate, crude (per 1,000 people)",SP.DYN.CDRT.IN,..
St. Kitts and Nevis,KNA,"Life expectancy at birth, total (years)",SP.DYN.LE00.IN,..
St. Lucia,LCA,"Population, total",SP.POP.TOTL,138180
St. Lucia,LCA,Rural population,SP.RUR.TOTL,97626
St. Lucia,LCA,Urban population,SP.URB.TOTL,40554
St. Lucia,LCA,"Death rate, crude (per 1,000 people)",SP.DYN.CDRT.IN,6.409
St. Lucia,LCA,"Life expectancy at birth, total (years)",SP.DYN.LE00.IN,71.0494390243903
St. Martin (French part),MAF,"Population, total",SP.POP.TOTL,30036
St. Martin (French part),MAF,Rural population,SP.RUR.TOTL,..
St. Martin (French part),MAF,Urban population,SP.URB.TOTL,..
St. Martin (French part),MAF,"Death rate, crude (per 1,000 people)",SP.DYN.CDRT.IN,2.8
St. Martin (French part),MAF,"Life expectancy at birth, total (years)",SP.DYN.LE00.IN,74.5219512195122
St. Vincent and the Grenadines,VCT,"Population, total",SP.POP.TOTL,107509
St. Vincent and the Grenadines,VCT,Rural population,SP.RUR.TOTL,62991
St. Vincent and the Grenadines,VCT,Urban population,SP.URB.TOTL,44518
St. Vincent and the Grenadines,VCT,"Death rate, crude (per 1,000 people)",SP.DYN.CDRT.IN,6.656
St. Vincent and the Grenadines,VCT,"Life expectancy at birth, total (years)",SP.DYN.LE00.IN,70.0766585365854
Sub-Saharan Africa (all income levels),SSF,"Population, total",SP.POP.TOTL,508616039
Sub-Saharan Africa (all income levels),SSF,Rural population,SP.RUR.TOTL,371324581
Sub-Saharan Africa (all income levels),SSF,Urban population,SP.URB.TOTL,137291458
Sub-Saharan Africa (all income levels),SSF,"Death rate, crude (per 1,000 people)",SP.DYN.CDRT.IN,16.2065369219845
Sub-Saharan Africa (all income levels),SSF,"Life expectancy at birth, total (years)",SP.DYN.LE00.IN,49.9279667817899
Sub-Saharan Africa (developing only),SSA,"Population, total",SP.POP.TOTL,508168676
Sub-Saharan Africa (developing only),SSA,Rural population,SP.RUR.TOTL,371042814
Sub-Saharan Africa (developing only),SSA,Urban population,SP.URB.TOTL,137125862
Sub-Saharan Africa (developing only),SSA,"Death rate, crude (per 1,000 people)",SP.DYN.CDRT.IN,16.2050936086997
Sub-Saharan Africa (developing only),SSA,"Life expectancy at birth, total (years)",SP.DYN.LE00.IN,49.9304711643783
Sudan,SDN,"Population, total",SP.POP.TOTL,20008804
Sudan,SDN,Rural population,SP.RUR.TOTL,14284285
Sudan,SDN,Urban population,SP.URB.TOTL,5724519
Sudan,SDN,"Death rate, crude (per 1,000 people)",SP.DYN.CDRT.IN,12.026
Sudan,SDN,"Life expectancy at birth, total (years)",SP.DYN.LE00.IN,55.5144634146342
Suriname,SUR,"Population, total",SP.POP.TOTL,408276
Suriname,SUR,Rural population,SP.RUR.TOTL,140014
Suriname,SUR,Urban population,SP.URB.TOTL,268262
Suriname,SUR,"Death rate, crude (per 1,000 people)",SP.DYN.CDRT.IN,7.096
Suriname,SUR,"Life expectancy at birth, total (years)",SP.DYN.LE00.IN,67.5018780487805
Swaziland,SWZ,"Population, total",SP.POP.TOTL,862728
Swaziland,SWZ,Rural population,SP.RUR.TOTL,665094
Swaziland,SWZ,Urban population,SP.URB.TOTL,197634
Swaziland,SWZ,"Death rate, crude (per 1,000 people)",SP.DYN.CDRT.IN,9.587
Swaziland,SWZ,"Life expectancy at birth, total (years)",SP.DYN.LE00.IN,59.3451951219512
Sweden,SWE,"Population, total",SP.POP.TOTL,8558835
Sweden,SWE,Rural population,SP.RUR.TOTL,1446443
Sweden,SWE,Urban population,SP.URB.TOTL,7112392
Sweden,SWE,"Death rate, crude (per 1,000 people)",SP.DYN.CDRT.IN,11.1
Sweden,SWE,"Life expectancy at birth, total (years)",SP.DYN.LE00.IN,77.5368292682927
Switzerland,CHE,"Population, total",SP.POP.TOTL,6715519
Switzerland,CHE,Rural population,SP.RUR.TOTL,1800834
Switzerland,CHE,Urban population,SP.URB.TOTL,4914685
Switzerland,CHE,"Death rate, crude (per 1,000 people)",SP.DYN.CDRT.IN,9.5
Switzerland,CHE,"Life expectancy at birth, total (years)",SP.DYN.LE00.IN,77.2424390243902
Syrian Arab Republic,SYR,"Population, total",SP.POP.TOTL,12451539
Syrian Arab Republic,SYR,Rural population,SP.RUR.TOTL,6358876
Syrian Arab Republic,SYR,Urban population,SP.URB.TOTL,6092663
Syrian Arab Republic,SYR,"Death rate, crude (per 1,000 people)",SP.DYN.CDRT.IN,4.592
Syrian Arab Republic,SYR,"Life expectancy at birth, total (years)",SP.DYN.LE00.IN,70.2594146341464
Tajikistan,TJK,"Population, total",SP.POP.TOTL,5297286
Tajikistan,TJK,Rural population,SP.RUR.TOTL,3620271
Tajikistan,TJK,Urban population,SP.URB.TOTL,1677015
Tajikistan,TJK,"Death rate, crude (per 1,000 people)",SP.DYN.CDRT.IN,9.825
Tajikistan,TJK,"Life expectancy at birth, total (years)",SP.DYN.LE00.IN,62.8647804878049
Tanzania,TZA,"Population, total",SP.POP.TOTL,25458208
Tanzania,TZA,Rural population,SP.RUR.TOTL,20650680
Tanzania,TZA,Urban population,SP.URB.TOTL,4807528
Tanzania,TZA,"Death rate, crude (per 1,000 people)",SP.DYN.CDRT.IN,14.973
Tanzania,TZA,"Life expectancy at birth, total (years)",SP.DYN.LE00.IN,50.4633658536585
Thailand,THA,"Population, total",SP.POP.TOTL,56582824
Thailand,THA,Rural population,SP.RUR.TOTL,39933894
Thailand,THA,Urban population,SP.URB.TOTL,16648930
Thailand,THA,"Death rate, crude (per 1,000 people)",SP.DYN.CDRT.IN,5.646
Thailand,THA,"Life expectancy at birth, total (years)",SP.DYN.LE00.IN,70.4111219512195
Timor-Leste,TMP,"Population, total",SP.POP.TOTL,740231
Timor-Leste,TMP,Rural population,SP.RUR.TOTL,585952
Timor-Leste,TMP,Urban population,SP.URB.TOTL,154279
Timor-Leste,TMP,"Death rate, crude (per 1,000 people)",SP.DYN.CDRT.IN,15.709
Timor-Leste,TMP,"Life expectancy at birth, total (years)",SP.DYN.LE00.IN,48.4797317073171
Togo,TGO,"Population, total",SP.POP.TOTL,3786942
Togo,TGO,Rural population,SP.RUR.TOTL,2704293
Togo,TGO,Urban population,SP.URB.TOTL,1082649
Togo,TGO,"Death rate, crude (per 1,000 people)",SP.DYN.CDRT.IN,12.071
Togo,TGO,"Life expectancy at birth, total (years)",SP.DYN.LE00.IN,55.8484390243902
Tonga,TON,"Population, total",SP.POP.TOTL,95152
Tonga,TON,Rural population,SP.RUR.TOTL,73549
Tonga,TON,Urban population,SP.URB.TOTL,21603
Tonga,TON,"Death rate, crude (per 1,000 people)",SP.DYN.CDRT.IN,5.962
Tonga,TON,"Life expectancy at birth, total (years)",SP.DYN.LE00.IN,69.5823170731707
Trinidad and Tobago,TTO,"Population, total",SP.POP.TOTL,1221904
Trinidad and Tobago,TTO,Rural population,SP.RUR.TOTL,1117627
Trinidad and Tobago,TTO,Urban population,SP.URB.TOTL,104277
Trinidad and Tobago,TTO,"Death rate, crude (per 1,000 people)",SP.DYN.CDRT.IN,7.56
Trinidad and Tobago,TTO,"Life expectancy at birth, total (years)",SP.DYN.LE00.IN,68.0229024390244
Tunisia,TUN,"Population, total",SP.POP.TOTL,8154400
Tunisia,TUN,Rural population,SP.RUR.TOTL,3429251
Tunisia,TUN,Urban population,SP.URB.TOTL,4725149
Tunisia,TUN,"Death rate, crude (per 1,000 people)",SP.DYN.CDRT.IN,5.6
Tunisia,TUN,"Life expectancy at birth, total (years)",SP.DYN.LE00.IN,70.3073170731707
Turkey,TUR,"Population, total",SP.POP.TOTL,53994605
Turkey,TUR,Rural population,SP.RUR.TOTL,22028179
Turkey,TUR,Urban population,SP.URB.TOTL,31966426
Turkey,TUR,"Death rate, crude (per 1,000 people)",SP.DYN.CDRT.IN,8.213
Turkey,TUR,"Life expectancy at birth, total (years)",SP.DYN.LE00.IN,64.2823414634146
Turkmenistan,TKM,"Population, total",SP.POP.TOTL,3668000
Turkmenistan,TKM,Rural population,SP.RUR.TOTL,2014649
Turkmenistan,TKM,Urban population,SP.URB.TOTL,1653351
Turkmenistan,TKM,"Death rate, crude (per 1,000 people)",SP.DYN.CDRT.IN,8.831
Turkmenistan,TKM,"Life expectancy at birth, total (years)",SP.DYN.LE00.IN,62.6741463414634
Turks and Caicos Islands,TCA,"Population, total",SP.POP.TOTL,11550
Turks and Caicos Islands,TCA,Rural population,SP.RUR.TOTL,2963
Turks and Caicos Islands,TCA,Urban population,SP.URB.TOTL,8587
Turks and Caicos Islands,TCA,"Death rate, crude (per 1,000 people)",SP.DYN.CDRT.IN,..
Turks and Caicos Islands,TCA,"Life expectancy at birth, total (years)",SP.DYN.LE00.IN,..
Tuvalu,TUV,"Population, total",SP.POP.TOTL,9004
Tuvalu,TUV,Rural population,SP.RUR.TOTL,5343
Tuvalu,TUV,Urban population,SP.URB.TOTL,3661
Tuvalu,TUV,"Death rate, crude (per 1,000 people)",SP.DYN.CDRT.IN,..
Tuvalu,TUV,"Life expectancy at birth, total (years)",SP.DYN.LE00.IN,..
Uganda,UGA,"Population, total",SP.POP.TOTL,17384369
Uganda,UGA,Rural population,SP.RUR.TOTL,15458876
Uganda,UGA,Urban population,SP.URB.TOTL,1925493
Uganda,UGA,"Death rate, crude (per 1,000 people)",SP.DYN.CDRT.IN,17.248
Uganda,UGA,"Life expectancy at birth, total (years)",SP.DYN.LE00.IN,47.5006585365854
Ukraine,UKR,"Population, total",SP.POP.TOTL,51892000
Ukraine,UKR,Rural population,SP.RUR.TOTL,17250458
Ukraine,UKR,Urban population,SP.URB.TOTL,34641542
Ukraine,UKR,"Death rate, crude (per 1,000 people)",SP.DYN.CDRT.IN,12.1
Ukraine,UKR,"Life expectancy at birth, total (years)",SP.DYN.LE00.IN,70.1365853658537
United Arab Emirates,ARE,"Population, total",SP.POP.TOTL,1811458
United Arab Emirates,ARE,Rural population,SP.RUR.TOTL,379482
United Arab Emirates,ARE,Urban population,SP.URB.TOTL,1431976
United Arab Emirates,ARE,"Death rate, crude (per 1,000 people)",SP.DYN.CDRT.IN,2.769
United Arab Emirates,ARE,"Life expectancy at birth, total (years)",SP.DYN.LE00.IN,71.7206341463415
United Kingdom,GBR,"Population, total",SP.POP.TOTL,57247586
United Kingdom,GBR,Rural population,SP.RUR.TOTL,12514322
United Kingdom,GBR,Urban population,SP.URB.TOTL,44733264
United Kingdom,GBR,"Death rate, crude (per 1,000 people)",SP.DYN.CDRT.IN,11.2
United Kingdom,GBR,"Life expectancy at birth, total (years)",SP.DYN.LE00.IN,75.8804878048781
United States,USA,"Population, total",SP.POP.TOTL,249623000
United States,USA,Rural population,SP.RUR.TOTL,61656881
United States,USA,Urban population,SP.URB.TOTL,187966119
United States,USA,"Death rate, crude (per 1,000 people)",SP.DYN.CDRT.IN,8.6
United States,USA,"Life expectancy at birth, total (years)",SP.DYN.LE00.IN,75.2146341463415
Upper middle income,UMC,"Population, total",SP.POP.TOTL,1856995358
Upper middle income,UMC,Rural population,SP.RUR.TOTL,1121687193
Upper middle income,UMC,Urban population,SP.URB.TOTL,735308165
Upper middle income,UMC,"Death rate, crude (per 1,000 people)",SP.DYN.CDRT.IN,6.87861443955995
Upper middle income,UMC,"Life expectancy at birth, total (years)",SP.DYN.LE00.IN,68.5625339203782
Uruguay,URY,"Population, total",SP.POP.TOTL,3109987
Uruguay,URY,Rural population,SP.RUR.TOTL,342938
Uruguay,URY,Urban population,SP.URB.TOTL,2767049
Uruguay,URY,"Death rate, crude (per 1,000 people)",SP.DYN.CDRT.IN,9.788
Uruguay,URY,"Life expectancy at birth, total (years)",SP.DYN.LE00.IN,72.5395365853659
Uzbekistan,UZB,"Population, total",SP.POP.TOTL,20510000
Uzbekistan,UZB,Rural population,SP.RUR.TOTL,12270723
Uzbekistan,UZB,Urban population,SP.URB.TOTL,8239277
Uzbekistan,UZB,"Death rate, crude (per 1,000 people)",SP.DYN.CDRT.IN,6.1
Uzbekistan,UZB,"Life expectancy at birth, total (years)",SP.DYN.LE00.IN,66.6841707317073
Vanuatu,VUT,"Population, total",SP.POP.TOTL,146633
Vanuatu,VUT,Rural population,SP.RUR.TOTL,119191
Vanuatu,VUT,Urban population,SP.URB.TOTL,27442
Vanuatu,VUT,"Death rate, crude (per 1,000 people)",SP.DYN.CDRT.IN,8.133
Vanuatu,VUT,"Life expectancy at birth, total (years)",SP.DYN.LE00.IN,63.1968536585366
"Venezuela, RB",VEN,"Population, total",SP.POP.TOTL,19861959
"Venezuela, RB",VEN,Rural population,SP.RUR.TOTL,3121505
"Venezuela, RB",VEN,Urban population,SP.URB.TOTL,16740454
"Venezuela, RB",VEN,"Death rate, crude (per 1,000 people)",SP.DYN.CDRT.IN,4.862
"Venezuela, RB",VEN,"Life expectancy at birth, total (years)",SP.DYN.LE00.IN,71.1077317073171
Vietnam,VNM,"Population, total",SP.POP.TOTL,66016700
Vietnam,VNM,Rural population,SP.RUR.TOTL,52645017
Vietnam,VNM,Urban population,SP.URB.TOTL,13371683
Vietnam,VNM,"Death rate, crude (per 1,000 people)",SP.DYN.CDRT.IN,6.307
Vietnam,VNM,"Life expectancy at birth, total (years)",SP.DYN.LE00.IN,70.5100975609756
Virgin Islands (U.S.),VIR,"Population, total",SP.POP.TOTL,103963
Virgin Islands (U.S.),VIR,Rural population,SP.RUR.TOTL,12803
Virgin Islands (U.S.),VIR,Urban population,SP.URB.TOTL,91160
Virgin Islands (U.S.),VIR,"Death rate, crude (per 1,000 people)",SP.DYN.CDRT.IN,4.625
Virgin Islands (U.S.),VIR,"Life expectancy at birth, total (years)",SP.DYN.LE00.IN,74.788
West Bank and Gaza,WBG,"Population, total",SP.POP.TOTL,1978248
West Bank and Gaza,WBG,Rural population,SP.RUR.TOTL,638796
West Bank and Gaza,WBG,Urban population,SP.URB.TOTL,1339452
West Bank and Gaza,WBG,"Death rate, crude (per 1,000 people)",SP.DYN.CDRT.IN,6.72
West Bank and Gaza,WBG,"Life expectancy at birth, total (years)",SP.DYN.LE00.IN,68.0477317073171
World,WLD,"Population, total",SP.POP.TOTL,5282721170
World,WLD,Rural population,SP.RUR.TOTL,3002449503
World,WLD,Urban population,SP.URB.TOTL,2258137831
World,WLD,"Death rate, crude (per 1,000 people)",SP.DYN.CDRT.IN,9.14721377640032
World,WLD,"Life expectancy at birth, total (years)",SP.DYN.LE00.IN,65.6902261371544
"Yemen, Rep.",YEM,"Population, total",SP.POP.TOTL,11961099
"Yemen, Rep.",YEM,Rural population,SP.RUR.TOTL,9457521
"Yemen, Rep.",YEM,Urban population,SP.URB.TOTL,2503578
"Yemen, Rep.",YEM,"Death rate, crude (per 1,000 people)",SP.DYN.CDRT.IN,11.645
"Yemen, Rep.",YEM,"Life expectancy at birth, total (years)",SP.DYN.LE00.IN,57.7641951219512
Zambia,ZMB,"Population, total",SP.POP.TOTL,8143142
Zambia,ZMB,Rural population,SP.RUR.TOTL,4934174
Zambia,ZMB,Urban population,SP.URB.TOTL,3208968
Zambia,ZMB,"Death rate, crude (per 1,000 people)",SP.DYN.CDRT.IN,18.8
Zambia,ZMB,"Life expectancy at birth, total (years)",SP.DYN.LE00.IN,43.8201463414634
Zimbabwe,ZWE,"Population, total",SP.POP.TOTL,10484771
Zimbabwe,ZWE,Rural population,SP.RUR.TOTL,7445446
Zimbabwe,ZWE,Urban population,SP.URB.TOTL,3039325
Zimbabwe,ZWE,"Death rate, crude (per 1,000 people)",SP.DYN.CDRT.IN,9.267
Zimbabwe,ZWE,"Life expectancy at birth, total (years)",SP.DYN.LE00.IN,59.133756097561
,,,,
,,,,
,,,,
Data from database: Health Nutrition and Population Statistics: Population estimates and projections,,,,
Last Updated: 09/18/2015,,,,
